区域,小区名称,户型,面积,价格(万),单价(元/平米),性质,朝向,装修,是否有电梯,楼层,建筑年代,楼型
朝阳,博雅国际 ,64.28平米,,380,59117,房本满五年,精装,中楼层(共26层),2005年建,博雅国际,,-
朝阳,福怡苑 ,52平米,南 ,285,54808,房本满五年,毛坯,低楼层(共7层),1998年建,福怡苑,,-
朝阳,澳林春天四期 ,157.66平米,南 ,1548,98186,房本满五年,精装,低楼层(共13层),2004年建,澳林春天四期,,-
朝阳,道家园 ,57.71平米,南 ,355,61515,房本满五年,简装,低楼层(共7层),1988年建,道家园,,-
朝阳,CBD传奇 ,37.1平米,,249,67116,房本满五年,精装,底层(共18层),2006年建,CBD传奇,,-
朝阳,柏林爱乐四期 ,102.27平米,南 ,608,59451,房本满五年,精装,中楼层(共8层),2008年建,柏林爱乐四期,,-
朝阳,炫特嘉园一期 ,46.14平米,,300,65020,房本满五年,精装,中楼层(共18层),2004年建,炫特嘉园一期,,-
朝阳,武圣东里 ,59.17平米,南 ,348,58814,房本满五年,简装,中楼层(共6层),1983年建,武圣东里,,-
朝阳,磨房北里 ,63.11平米,东,341,54033,房本满五年,精装,中楼层(共6层),1992年建,磨房北里,,-
朝阳,团结湖中路南一条 ,62.23平米,南 ,435,69902,房本满五年,简装,低楼层(共6层),1980年建,团结湖中路南一条,,-
朝阳,望京西园三区 ,133.76平米,南 ,820,61304,房本满五年,简装,14层,2001年建,望京西园三区,,-
朝阳,北苑家园茉藜园 ,106.14平米,西南 ,540,50877,房本满五年,精装,中楼层(共26层),2005年建,北苑家园茉藜园,,-
朝阳,安慧里一区 ,64.59平米,西,480,74315,房本满五年,简装,低楼层(共25层),1991年建,安慧里一区,,-
朝阳,劲松四区 ,39.32平米,,268,68159,房本满五年,简装,中楼层(共6层),1978年建,劲松四区,,-
朝阳,安华西里社区 ,37.98平米,,360,94787,房本满五年,简装,高楼层(共21层),1990年建,安华西里社区,,-
朝阳,住欣家园 ,87.47平米,南 ,370,42301,房本满五年,精装,高楼层(共28层),2010年建,住欣家园,,-
朝阳,慧忠北里第四社区 ,83.59平米,西,535,64003,房本满五年,精装,中楼层(共25层),2000年建,慧忠北里第四社区,,-
朝阳,光熙门北里 ,61.87平米,西,465,75158,房本满五年,简装,高楼层(共21层),1990年建,光熙门北里,,-
朝阳,安苑北里 ,69.63平米,东,510,73245,房本满五年,简装,高楼层(共25层),1989年建,安苑北里,,-
朝阳,金都杭城东区 ,88.91平米,,720,80981,房本满五年,精装,高楼层(共26层),2009年建,金都杭城东区,,-
朝阳,酒仙桥三街坊 ,77.34平米,,398,51462,房本满五年,精装,中楼层(共6层),1991年建,酒仙桥三街坊,,-
朝阳,弘善家园 ,81.45平米,西,375,46041,房本满五年,简装,中楼层(共28层),2009年建,弘善家园,,-
朝阳,劲松七区 ,59.8平米,南 ,340,56857,房本满五年,精装,顶层(共6层),1983年建,劲松七区,,-
朝阳,新源西里中街 ,66.8平米,南 ,448,67066,房本满五年,简装,底层(共5层),1982年建,新源西里中街,,-
朝阳,定福家园2号院 ,101.86平米,南 ,465,45651,房本满五年,简装,高楼层(共16层),2006年建,定福家园2号院,,-
朝阳,苹果社区南区 ,95.9平米,西,688,71742,,精装,低楼层(共27层),2005年建,苹果社区南区,,-
朝阳,首开常青藤三期 ,154.36平米,南 ,898,58176,,精装,底层(共6层),2013年建,首开常青藤三期,,-
朝阳,华腾园 ,130.6平米,西南 ,745,57045,,精装,中楼层(共28层),2001年建,华腾园,,-
朝阳,兴隆家园 ,118.82平米,南 ,466,39219,,精装,顶层(共6层),2000年建,兴隆家园,,-
朝阳,甘露园南里 ,120.35平米,南 ,565,46947,,简装,低楼层(共22层),2001年建,甘露园南里,,-
朝阳,柳芳北街9号院 ,52.62平米,西,334,63474,房本满五年,简装,高楼层(共6层),1991年建,柳芳北街9号院,,-
朝阳,安苑北里 ,70.26平米,东 南 ,535,76146,房本满五年,简装,中楼层(共18层),1987年建,安苑北里,,-
朝阳,奥林匹克花园一期 ,139.95平米,南 ,935,66810,房本满五年,精装,底层(共5层),2003年建,奥林匹克花园一期,,-
朝阳,武圣西里 ,47.57平米,南 ,305,64117,房本满五年,简装,中楼层(共5层),1980年建,武圣西里,,-
朝阳,UHN国际村 ,134.5平米,,965,71748,房本满五年,精装,高楼层(共28层),2005年建,UHN国际村,,-
朝阳,北苑家园茉藜园 ,127.35平米,西,618,48528,房本满五年,简装,中楼层(共26层),2005年建,北苑家园茉藜园,,-
朝阳,北沙滩8号院 ,82.17平米,,460,55982,房本满五年,简装,低楼层(共18层),1999年建,北沙滩8号院,,-
朝阳,世方豪庭 ,174.85平米,南 ,1000,57192,房本满五年,简装,低楼层(共22层),2000年建,世方豪庭,,-
朝阳,建业苑 ,136.17平米,西,728,53463,房本满五年,精装,高楼层(共19层),2001年建,建业苑,,-
朝阳,富力城A区 ,121.59平米,,1200,98693,房本满五年,简装,高楼层(共26层),2004年建,富力城A区,,-
朝阳,新城国际 ,171.42平米,东南 西,1850,107923,房本满五年,精装,低楼层(共33层),2005年建,新城国际,,-
朝阳,美景东方 ,105.79平米,东,675,63806,房本满五年,精装,25层,2005年建,美景东方,,-
朝阳,梵谷水郡 ,125.8平米,南 ,698,55485,房本满五年,精装,中楼层(共9层),2006年建,梵谷水郡,,-
朝阳,康家园 ,65.6平米,南 ,355,54116,房本满五年,简装,中楼层(共6层),1997年建,康家园,,-
朝阳,亮马嘉园 ,158.07平米,西,760,48080,房本满五年,精装,高楼层(共17层),2003年建,亮马嘉园,,-
朝阳,水郡长安 ,150.12平米,南 ,648,43166,房本满五年,精装,中楼层(共19层),2008年建,水郡长安,,-
朝阳,安贞西里 ,69.22平米,,465,67178,房本满五年,简装,顶层(共16层),1986年建,安贞西里,,-
朝阳,世华泊郡 ,131.11平米,南 ,950,72459,房本满五年,精装,中楼层(共27层),2012年建,世华泊郡,,-
朝阳,大成国际 ,42.72平米,,340,79589,房本满五年,精装,低楼层(共11层),2007年建,大成国际,,-
朝阳,北苑家园绣菊园 ,129.49平米,南 ,590,45564,房本满五年,简装,中楼层(共14层),2001年建,北苑家园绣菊园,,-
朝阳,双惠小区 ,98.49平米,南 ,485,49244,房本满五年,精装,中楼层(共6层),2003年建,双惠小区,,-
朝阳,富力又一城C区 ,90.33平米,,490,54246,房本满五年,精装,低楼层(共18层),2009年建,富力又一城C区,,-
朝阳,珠江绿洲 ,99.38平米,,469,47193,房本满五年,精装,低楼层(共31层),2004年建,珠江绿洲,,-
朝阳,中海城香克林 ,99.88平米,南 ,718,71887,房本满五年,精装,低楼层(共10层),2012年建,中海城香克林,,-
朝阳,惠新苑 ,144.04平米,南 ,1049,72827,,精装,高楼层(共12层),1999年建,惠新苑,,-
朝阳,翌景嘉园 ,145.99平米,东,620,42469,,简装,高楼层(共28层),2002年建,翌景嘉园,,-
朝阳,柏林爱乐二期 ,139.93平米,南 ,818,58458,,简装,顶层(共9层),2004年建,柏林爱乐二期,,-
朝阳,望京新城 ,132.69平米,西,710,53509,,简装,低楼层(共30层),1998年建,望京新城,,-
朝阳,万科星园 ,137.32平米,南 ,1070,77921,,简装,高楼层(共27层),2000年建,万科星园,,-
朝阳,阳光上东 ,219.4平米,南 ,1490,67913,,精装,低楼层(共30层),2004年建,阳光上东,,-
朝阳,金蝉南里 ,65.45平米,,360,55004,房本满五年,精装,顶层(共14层),2005年建,金蝉南里,,-
朝阳,安慧里二区 ,66.2平米,东,507,76587,房本满五年,精装,低楼层(共25层),1990年建,安慧里二区,,-
朝阳,富力又一城C区 ,88.96平米,南 ,455,51147,房本满五年,精装,低楼层(共18层),2009年建,富力又一城C区,,-
朝阳,沿海赛洛城二期 ,94.07平米,南 西 ,628,66759,房本满五年,精装,中楼层(共6层),2007年建,沿海赛洛城二期,,-
朝阳,东大桥东里 ,59.32平米,东 ,420,70803,房本满五年,简装,低楼层(共6层),1992年建,东大桥东里,,-
朝阳,京通苑 ,109.63平米,东,435,39679,房本满五年,简装,高楼层(共18层),1998年建,京通苑,,-
朝阳,海华堂 ,130.34平米,南 ,699,53629,房本满五年,精装,顶层(共33层),2011年建,海华堂,,-
朝阳,管庄北二里 ,84.64平米,西 南 ,405,47850,房本满五年,精装,底层(共28层),2013年建,管庄北二里,,-
朝阳,首开常青藤二期 ,91.22平米,南 ,626,68626,房本满五年,精装,中楼层(共6层),2011年建,首开常青藤二期,,-
朝阳,紫薇天悦 ,181.35平米,南 ,1430,78854,房本满五年,毛坯,高楼层(共8层),2009年建,紫薇天悦,,-
朝阳,北辰福第一号院 ,87.5平米,南 东 ,389,44458,房本满五年,精装,顶层(共27层),2008年建,北辰福第一号院,,-
朝阳,东景苑 ,84.69平米,,468,55261,房本满五年,简装,中楼层(共21层),2002年建,东景苑,,-
朝阳,左家庄北里 ,132.31平米,南 ,660,49883,房本满五年,精装,顶层(共6层),1993年建,左家庄北里,,-
朝阳,五建小区 ,62.41平米,南 ,330,52877,房本满五年,精装,低楼层(共6层),1983年建,五建小区,,-
朝阳,金蝉北里 ,80.37平米,南 ,398,49521,房本满五年,精装,低楼层(共6层),1999年建,金蝉北里,,-
朝阳,美景东方 ,92.36平米,,620,67129,房本满五年,精装,17层,2007年建,美景东方,,-
朝阳,中海安德鲁斯庄园 ,227.84平米,南 ,1100,48280,房本满五年,精装,4层,2005年建,中海安德鲁斯庄园,,-
朝阳,奥林匹克花园四期 ,219.19平米,南 ,1200,54748,房本满五年,精装,高楼层(共10层),2009年建,奥林匹克花园四期,,-
朝阳,千鹤家园 ,296.05平米,西,1396,47155,房本满五年,简装,25层,2002年建,千鹤家园,,-
朝阳,宝星园一区 ,121.82平米,东,778,63865,房本满五年,精装,低楼层(共25层),2003年建,宝星园一区,,-
朝阳,翠成馨园C区 ,140.01平米,南 ,616,43997,房本满五年,精装,中楼层(共14层),2009年建,翠成馨园C区,,-
朝阳,融科橄榄城一期 ,132.11平米,南 ,1200,90834,房本满五年,精装,低楼层(共28层),2006年建,融科橄榄城一期,,-
朝阳,泰达时代 ,138.49平米,,682,49246,,精装,顶层(共26层),2008年建,泰达时代,,-
朝阳,昆泰国际公寓 ,150.46平米,西,910,60482,,毛坯,低楼层(共24层),2005年建,昆泰国际公寓,,-
朝阳,光熙家园一期 ,62.94平米,西,520,82619,,精装,低楼层(共22层),2006年建,光熙家园一期,,-
朝阳,北京新天地四期 ,65.96平米,东,328,49728,,简装,顶层(共26层),2009年建,北京新天地四期,,-
朝阳,芍药居甲2号院 ,77.48平米,西,559,72148,,精装,顶层(共18层),1996年建,芍药居甲2号院,,-
朝阳,北苑村 ,53.23平米,南 ,279,52415,,简装,中楼层(共5层),1982年建,北苑村,,-
朝阳,石佛营西里小区 ,53.45平米,南 ,328,61366,,简装,中楼层(共15层),1999年建,石佛营西里小区,,-
朝阳,合生国际花园 ,137.41平米,南 ,1125,81872,,精装,顶层(共24层),2008年建,合生国际花园,,-
朝阳,苹果社区南区 ,108.3平米,,865,79871,房本满五年,精装,中楼层(共27层),2005年建,苹果社区南区,,-
朝阳,天居园 ,123.91平米,南 ,765,61739,房本满五年,精装,高楼层(共11层),2008年建,天居园,,-
朝阳,北京新天地四期 ,70.98平米,南 ,383,53959,房本满五年,精装,低楼层(共20层),2008年建,北京新天地四期,,-
朝阳,金地国际花园 ,198.03平米,西南 东,1699,85796,房本满五年,精装,低楼层(共33层),2004年建,金地国际花园,,-
朝阳,后现代城A区 ,111.07平米,东南 ,741,66715,房本满五年,精装,中楼层(共14层),2004年建,后现代城A区,,-
朝阳,首开常青藤四期 ,93.41平米,南 ,597,63912,房本满五年,精装,低楼层(共6层),2013年建,首开常青藤四期,,-
朝阳,华纺易城 ,126.79平米,南 ,805,63491,房本满五年,精装,低楼层(共18层),2006年建,华纺易城,,-
朝阳,北苑家园清友园 ,117.09平米,,610,52097,房本满五年,简装,高楼层(共14层),2002年建,北苑家园清友园,,-
朝阳,周井大院 ,47.15平米,,245,51962,房本满五年,简装,底层(共5层),1986年建,周井大院,,-
朝阳,惠新南里5号院 ,78.18平米,南 ,586,74956,房本满五年,简装,高楼层(共16层),1986年建,惠新南里5号院,,-
朝阳,京通苑 ,117.89平米,西,499,42328,房本满五年,精装,中楼层(共18层),1998年建,京通苑,,-
朝阳,国美第一城3号院 ,90.93平米,东,526,57847,房本满五年,精装,中楼层(共26层),2007年建,国美第一城3号院,,-
朝阳,翠成馨园A区 ,57.18平米,,267,46695,房本满五年,精装,中楼层(共16层),2005年建,翠成馨园A区,,-
朝阳,燕归宁馨园 ,120.74平米,南 ,505,41826,房本满五年,简装,中楼层(共6层),2005年建,燕归宁馨园,,-
朝阳,欧陆经典 ,126.86平米,南 ,780,61486,房本满五年,简装,高楼层(共15层),2000年建,欧陆经典,,-
朝阳,三源里北小街 ,60.85平米,南 ,430,70666,房本满五年,简装,低楼层(共6层),1982年建,三源里北小街,,-
朝阳,金隅凤麟洲 ,115.5平米,南 北 ,850,73594,房本满五年,简装,高楼层(共9层),2007年建,金隅凤麟洲,,-
朝阳,弘善家园 ,72.33平米,西,345,47699,房本满五年,简装,中楼层(共28层),2012年建,弘善家园,,-
朝阳,望京西园一区 ,97.29平米,,560,57560,房本满五年,简装,低楼层(共18层),2001年建,望京西园一区,,-
朝阳,远洋天地一期 ,119.39平米,西,729,61061,房本满五年,精装,低楼层(共30层),2002年建,远洋天地一期,,-
朝阳,北苑家园望春园 ,98.42平米,南 ,558,56696,房本满五年,精装,高楼层(共23层),2008年建,北苑家园望春园,,-
朝阳,松榆西里 ,52.37平米,东,308,58813,房本满五年,简装,中楼层(共19层),1998年建,松榆西里,,-
朝阳,住欣家园 ,89.47平米,西,293,32749,房本满五年,简装,底层(共26层),2010年建,住欣家园,,-
朝阳,兴隆家园 ,97.1平米,西,540,55613,房本满五年,简装,中楼层(共23层),2005年建,兴隆家园,,-
朝阳,朝阳门南大街 ,61.6平米,东 ,450,73052,房本满五年,简装,中楼层(共20层),1984年建,朝阳门南大街,,-
朝阳,上京新航线 ,99.62平米,,670,67256,,精装,低楼层(共26层),2007年建,上京新航线,,-
朝阳,万象新天四区 ,90.62平米,,510,56279,,简装,中楼层(共17层),2006年建,万象新天四区,,-
朝阳,北苑家园茉藜园 ,109.78平米,西,460,41902,,简装,高楼层(共25层),2003年建,北苑家园茉藜园,,-
朝阳,奥林匹克花园四期 ,125.87平米,南 ,738,58632,,精装,低楼层(共10层),2009年建,奥林匹克花园四期,,-
朝阳,安华里社区 ,53.24平米,南 ,410,77010,,简装,中楼层(共6层),1985年建,安华里社区,,-
朝阳,北京新天地二期 ,101.64平米,,495,48702,房本满五年,简装,顶层(共28层),2008年建,北京新天地二期,,-
朝阳,地杰长安驿 ,98.46平米,东,630,63986,房本满五年,精装,中楼层(共31层),2009年建,地杰长安驿,,-
朝阳,国美第一城2号院 ,143.45平米,南 ,739,51517,房本满五年,精装,中楼层(共27层),2006年建,国美第一城2号院,,-
朝阳,百环花园 ,146.06平米,,649,44434,房本满五年,简装,低楼层(共28层),2001年建,百环花园,,-
朝阳,雅成一里 ,86.7平米,,435,50174,房本满五年,简装,高楼层(共25层),2001年建,雅成一里,,-
朝阳,北苑家园望春园 ,127.09平米,西,698,54922,房本满五年,精装,中楼层(共25层),2006年建,北苑家园望春园,,-
朝阳,奥林匹克花园四期 ,125.85平米,南 ,780,61979,房本满五年,精装,高楼层(共10层),2010年建,奥林匹克花园四期,,-
朝阳,朝阳园 ,113.71平米,西,610,53646,房本满五年,精装,中楼层(共29层),2003年建,朝阳园,,-
朝阳,北苑家园茉藜园 ,154.59平米,南 ,760,49163,房本满五年,简装,高楼层(共18层),2003年建,北苑家园茉藜园,,-
朝阳,北苑家园茉藜园 ,120.82平米,南 ,690,57110,房本满五年,简装,高楼层(共18层),2003年建,北苑家园茉藜园,,-
朝阳,中海城北区 ,103.91平米,,610,58705,房本满五年,简装,低楼层(共18层),2009年建,中海城北区,,-
朝阳,远洋一方润园2号院 ,118.23平米,南 西 ,638,53963,房本满五年,精装,中楼层(共14层),2010年建,远洋一方润园2号院,,-
朝阳,北辰福第一号院 ,86.36平米,南 ,396,45855,房本满五年,简装,低楼层(共27层),2008年建,北辰福第一号院,,-
朝阳,富力阳光美园 ,88.69平米,西,505,56940,房本满五年,简装,高楼层(共27层),2010年建,富力阳光美园,,-
朝阳,团结湖北口 ,52.52平米,,372,70831,房本满五年,精装,中楼层(共16层),1982年建,团结湖北口,,-
朝阳,炫彩嘉轩 ,43.93平米,,385,87640,房本满五年,精装,低楼层(共21层),2006年建,炫彩嘉轩,,-
朝阳,芍药居北里 ,123平米,南 ,868,70570,房本满五年,精装,中楼层(共26层),2008年建,芍药居北里,,-
朝阳,公园1872 ,83.52平米,,535,64057,房本满五年,精装,高楼层(共21层),2008年建,公园1872,,-
朝阳,远洋一方花语苑 ,90.65平米,东,450,49642,房本满五年,精装,高楼层(共11层),2008年建,远洋一方花语苑,,-
朝阳,美景东方 ,103.34平米,南 ,588,56900,房本满五年,简装,低楼层(共9层),2002年建,美景东方,,-
朝阳,南沙滩小区 ,69.74平米,西,504,72269,房本满五年,简装,中楼层(共22层),1999年建,南沙滩小区,,-
朝阳,八里庄北里小区 ,60.58平米,南 ,307,50677,房本满五年,精装,顶层(共6层),1994年建,八里庄北里小区,,-
朝阳,珠江帝景伯爵山 ,92.49平米,,898,97092,房本满五年,精装,中楼层(共15层),2007年建,珠江帝景伯爵山,,-
朝阳,天创世缘 ,163.49平米,东南 西,799,48872,房本满五年,简装,中楼层(共31层),2000年建,天创世缘,,-
朝阳,八里庄北里小区 ,69.42平米,东 南 ,354,50994,,简装,高楼层(共6层),1994年建,八里庄北里小区,,-
朝阳,北京新天地五期 ,64.96平米,,347,53418,,精装,低楼层(共28层),2009年建,北京新天地五期,,-
朝阳,苹果社区南区 ,94.07平米,西,729,77496,,精装,中楼层(共23层),2005年建,苹果社区南区,,-
朝阳,光华欣居 ,112.82平米,南 ,500,44319,,精装,低楼层(共15层),1998年建,光华欣居,,-
朝阳,康静里 ,57.6平米,南 ,300,52084,,简装,底层(共6层),1994年建,康静里,,-
朝阳,大屯里小区 ,83.87平米,东,510,60809,,简装,中楼层(共28层),2003年建,大屯里小区,,-
朝阳,美然动力A3区 ,83.29平米,南 ,415,49826,房本满五年,简装,底层(共9层),2002年建,美然动力A3区,,-
朝阳,翠成馨园E区 ,56.07平米,西,270,48155,房本满五年,简装,高楼层(共21层),2011年建,翠成馨园E区,,-
朝阳,华严北里中科院 ,61.25平米,,488,79674,房本满五年,简装,高楼层(共16层),1996年建,华严北里中科院,,-
朝阳,昆泰国际公寓 ,90.7平米,西,530,58435,房本满五年,精装,高楼层(共24层),2005年建,昆泰国际公寓,,-
朝阳,第二监狱宿舍 ,44.8平米,,189,42188,房本满五年,简装,底层(共6层),1990年建,第二监狱宿舍,,-
朝阳,十里堡北里 ,55.09平米,南 ,316,57361,房本满五年,简装,底层(共6层),1994年建,十里堡北里,,-
朝阳,建外SOHO ,150.04平米,西,725,48321,房本满五年,简装,高楼层(共28层),2005年建,建外SOHO,,-
朝阳,朝丰家园 ,77.74平米,南 ,350,45022,房本满五年,简装,高楼层(共16层),2009年建,朝丰家园,,-
朝阳,太阳公元 ,181.36平米,南 ,2350,129577,房本满五年,精装,中楼层(共25层),2011年建,太阳公元,,-
朝阳,亚运花园 ,175.49平米,,880,50146,房本满五年,简装,中楼层(共18层),1996年建,亚运花园,,-
朝阳,雅宝里 ,67.85平米,南 ,445,65586,房本满五年,简装,中楼层(共5层),1980年建,雅宝里,,-
朝阳,北苑家园望春园 ,148.68平米,西南 ,635,42710,房本满五年,精装,高楼层(共25层),2008年建,北苑家园望春园,,-
朝阳,劲松七区 ,79.21平米,南 ,502,63376,房本满五年,简装,中楼层(共6层),1983年建,劲松七区,,-
朝阳,劲松七区 ,67.58平米,南 ,385,56970,房本满五年,简装,中楼层(共10层),1983年建,劲松七区,,-
朝阳,天天朝阳 ,38.26平米,,239,62468,房本满五年,简装,16层,2005年建,天天朝阳,,-
朝阳,CBD传奇 ,42.85平米,,332,77480,房本满五年,精装,低楼层(共21层),2006年建,CBD传奇,,-
朝阳,国美第一城3号院 ,104.38平米,东,590,56525,房本满五年,精装,低楼层(共26层),2007年建,国美第一城3号院,,-
朝阳,世捷座 ,129.77平米,西南 ,1035,79757,房本满五年,简装,高楼层(共24层),2004年建,世捷座,,-
朝阳,康家园 ,57.74平米,南 ,330,57153,房本满五年,简装,中楼层(共5层),1991年建,康家园,,-
朝阳,安慧里二区 ,67.54平米,东,480,71069,房本满五年,精装,高楼层(共25层),1987年建,安慧里二区,,-
朝阳,10AM新坐标 ,45.52平米,,283,62171,,精装,29层,2005年建,10AM新坐标,,-
朝阳,慧忠里 ,46.96平米,南 ,530,112863,,精装,顶层(共6层),1994年建,慧忠里,,-
朝阳,北京华侨城2号院 ,269.57平米,南 ,1600,59354,,其他,底层(共12层),2009年建,北京华侨城2号院,,-
朝阳,平乐园小区 ,46.97平米,,276,58761,,精装,顶层(共6层),1993年建,平乐园小区,,-
朝阳,安贞里 ,59.97平米,东 ,445,74204,,精装,中楼层(共6层),1991年建,安贞里,,-
朝阳,康家园 ,71.3平米,东 ,326,45723,,简装,顶层(共6层),1994年建,康家园,,-
朝阳,富华家园 ,123.36平米,西,545,44180,,简装,低楼层(共22层),2003年建,富华家园,,-
朝阳,蓝堡国际公寓 ,114.98平米,东 ,875,76101,,精装,低楼层(共21层),2004年建,蓝堡国际公寓,,-
朝阳,西坝河东里 ,58.7平米,,350,59626,,简装,高楼层(共6层),1987年建,西坝河东里,,-
朝阳,百环家园 ,103.59平米,,573,55315,,简装,低楼层(共28层),2005年建,百环家园,,-
朝阳,华纺易城 ,62.2平米,,375,60290,房本满五年,精装,低楼层(共15层),2008年建,华纺易城,,-
朝阳,CBD传奇 ,94.19平米,南 ,610,64763,房本满五年,精装,底层(共13层),2007年建,CBD传奇,,-
朝阳,沿海赛洛城二期 ,48.45平米,,312,64397,房本满五年,精装,中楼层(共19层),2007年建,沿海赛洛城二期,,-
朝阳,大山子西里 ,50.83平米,东南 东,275,54102,房本满五年,简装,底层(共6层),1985年建,大山子西里,,-
朝阳,望京新城 ,73.22平米,西,440,60093,房本满五年,精装,高楼层(共30层),1997年建,望京新城,,-
朝阳,太阳国际公馆 ,93.37平米,,610,65332,房本满五年,精装,高楼层(共12层),2003年建,太阳国际公馆,,-
朝阳,阳光广场 ,126.43平米,南 ,745,58926,房本满五年,简装,中楼层(共18层),1996年建,阳光广场,,-
朝阳,三丰里小区 ,52.97平米,南 ,365,68907,房本满五年,简装,中楼层(共5层),1978年建,三丰里小区,,-
朝阳,胜古南里 ,56.53平米,南 ,399,70582,房本满五年,简装,中楼层(共5层),1979年建,胜古南里,,-
朝阳,华彩国际公寓 ,63平米,东 西,570,90477,房本满五年,精装,中楼层(共21层),2008年建,华彩国际公寓,,-
朝阳,左家庄 ,52.24平米,东 ,328,62788,房本满五年,精装,底层(共6层),1984年建,左家庄,,-
朝阳,北苑家园清友园 ,79.21平米,西,449,56685,房本满五年,精装,25层,2002年建,北苑家园清友园,,-
朝阳,十里堡北里 ,47.1平米,南 ,295,62633,房本满五年,简装,低楼层(共13层),1989年建,十里堡北里,,-
朝阳,平乐园小区 ,53.4平米,,319,59738,房本满五年,精装,中楼层(共18层),1994年建,平乐园小区,,-
朝阳,康家园 ,64.84平米,,345,53208,房本满五年,简装,中楼层(共16层),1995年建,康家园,,-
朝阳,八里庄北里小区 ,39.02平米,,226,57920,房本满五年,简装,顶层(共6层),1984年建,八里庄北里小区,,-
朝阳,双桥北内小区 ,131.81平米,南 ,463,35127,房本满五年,精装,高楼层(共7层),2004年建,双桥北内小区,,-
朝阳,北苑家园望春园 ,134.8平米,东,735,54526,房本满五年,精装,中楼层(共25层),2008年建,北苑家园望春园,,-
朝阳,松榆里 ,57.57平米,东,335,58191,房本满五年,简装,高楼层(共19层),1992年建,松榆里,,-
朝阳,劲松嘉园 ,138.48平米,,670,48383,房本满五年,简装,中楼层(共14层),1997年建,劲松嘉园,,-
朝阳,大成国际 ,110.94平米,东,500,45070,房本满五年,精装,中楼层(共21层),2007年建,大成国际,,-
朝阳,富力城D区 ,80.09平米,南 ,720,89899,,精装,中楼层(共21层),2007年建,富力城D区,,-
朝阳,海华堂 ,87.6平米,东,508,57991,,简装,高楼层(共33层),2011年建,海华堂,,-
朝阳,静安东里 ,60.24平米,,368,61089,,简装,顶层(共6层),1990年建,静安东里,,-
朝阳,大屯里小区 ,71.54平米,,400,55913,,精装,高楼层(共28层),2003年建,大屯里小区,,-
朝阳,时间国际 ,210.53平米,西,685,32537,,毛坯,高楼层(共28层),2005年建,时间国际,,-
朝阳,地杰长安驿 ,98.46平米,西,535,54337,,简装,低楼层(共31层),2009年建,地杰长安驿,,-
朝阳,和平街十五区1号院 ,57.86平米,东,420,72590,,简装,高楼层(共18层),1998年建,和平街十五区1号院,,-
朝阳,苹果社区南区 ,97.23平米,南 ,818,84131,,精装,高楼层(共23层),2005年建,苹果社区南区,,-
朝阳,北苑家园紫绶园 ,83.72平米,南 ,400,47779,,简装,高楼层(共12层),1999年建,北苑家园紫绶园,,-
朝阳,澳洲康都 ,86.09平米,东,666,77361,房本满五年,精装,中楼层(共28层),2006年建,澳洲康都,,-
朝阳,芍药居北里 ,90.43平米,,699,77298,房本满五年,简装,底层(共28层),2005年建,芍药居北里,,-
朝阳,北京新天地五期 ,61.04平米,,350,57340,房本满五年,精装,高楼层(共28层),2009年建,北京新天地五期,,-
朝阳,富力又一城C区 ,89.17平米,南 ,530,59438,房本满五年,精装,中楼层(共22层),2011年建,富力又一城C区,,-
朝阳,地杰长安驿 ,104.01平米,,606,58264,房本满五年,精装,低楼层(共30层),2009年建,地杰长安驿,,-
朝阳,双桥六号井 ,59.57平米,南 ,258,43311,房本满五年,简装,中楼层(共5层),1993年建,双桥六号井,,-
朝阳,双桥北内小区 ,81.47平米,南 ,328,40261,房本满五年,简装,中楼层(共7层),2004年建,双桥北内小区,,-
朝阳,康静里 ,60.17平米,南 ,320,53183,房本满五年,简装,中楼层(共6层),1994年建,康静里,,-
朝阳,北京青年城 ,98.85平米,,502,50785,房本满五年,精装,顶层(共11层),2004年建,北京青年城,,-
朝阳,通惠家园 ,59.56平米,,309,51881,房本满五年,简装,中楼层(共28层),2001年建,通惠家园,,-
朝阳,东区国际 ,108.32平米,,630,58162,房本满五年,简装,中楼层(共32层),2005年建,东区国际,,-
朝阳,广渠门外大街6号院 ,79.71平米,西,505,63355,房本满五年,简装,低楼层(共24层),1997年建,广渠门外大街6号院,,-
朝阳,CBD传奇 ,67.91平米,南 ,468,68915,房本满五年,精装,底层(共18层),2006年建,CBD传奇,,-
朝阳,太阳公元 ,89.29平米,,1080,120955,房本满五年,精装,中楼层(共27层),2010年建,太阳公元,,-
朝阳,汽修一厂宿舍 ,64.67平米,南 ,398,61544,房本满五年,简装,中楼层(共6层),1994年建,汽修一厂宿舍,,-
朝阳,双桥北内小区 ,82.6平米,南 ,335,40557,房本满五年,精装,中楼层(共7层),2004年建,双桥北内小区,,-
朝阳,安苑东里三区 ,58.68平米,南 ,405,69019,房本满五年,精装,高楼层(共6层),1994年建,安苑东里三区,,-
朝阳,芳园里 ,56.96平米,东南 西,342,60043,房本满五年,精装,中楼层(共6层),1988年建,芳园里,,-
朝阳,八里庄北里小区 ,51.16平米,,283,55317,房本满五年,精装,中楼层(共6层),1994年建,八里庄北里小区,,-
朝阳,农业部宿舍 ,39.47平米,东 ,310,78541,房本满五年,简装,低楼层(共9层),1995年建,农业部宿舍,,-
朝阳,东架松 ,60.81平米,,313,51472,房本满五年,精装,顶层(共6层),1982年建,东架松,,-
朝阳,芍药居北里 ,43.65平米,,298,68271,房本满五年,简装,地下室(共7层),1994年建,芍药居北里,,-
朝阳,东方东路 ,41.11平米,,289,70300,房本满五年,精装,高楼层(共6层),1985年建,东方东路,,-
朝阳,润泽悦溪 ,90.85平米,西南 ,620,68245,房本满五年,精装,高楼层(共11层),2010年建,润泽悦溪,,-
朝阳,绿丰家园 ,90.13平米,南 ,305,33841,房本满五年,简装,顶层(共6层),2008年建,绿丰家园,,-
朝阳,安慧北里秀园 ,62.27平米,南 ,508,81581,,简装,顶层(共6层),1993年建,安慧北里秀园,,-
朝阳,润泽悦溪 ,87.89平米,南 ,648,73729,,精装,中楼层(共10层),2010年建,润泽悦溪,,-
朝阳,北纬40度二期 ,67.7平米,,483,71345,,精装,低楼层(共28层),2009年建,北纬40度二期,,-
朝阳,观音景园二期 ,64.04平米,,285,44504,,简装,低楼层(共6层),2009年建,观音景园二期,,-
朝阳,石佛营西里小区 ,52.61平米,南 ,308,58545,,简装,低楼层(共6层),1997年建,石佛营西里小区,,-
朝阳,北沙滩6号院 ,51.21平米,东,359,70104,房本满五年,精装,低楼层(共6层),1992年建,北沙滩6号院,,-
朝阳,金隅悦和园 ,60.88平米,,283,46485,房本满五年,精装,高楼层(共28层),板塔结合,金隅悦和园,,-
朝阳,金隅悦和园 ,78.14平米,南 ,370,47351,房本满五年,精装,中楼层(共28层),2013年建,金隅悦和园,,-
朝阳,保利金泉 ,72.46平米,,579,79907,房本满五年,精装,高楼层(共30层),2008年建,保利金泉,,-
朝阳,首城国际B区 ,88.73平米,,780,87908,房本满五年,精装,中楼层(共28层),2010年建,首城国际B区,,-
朝阳,丽水嘉园 ,104.85平米,东,748,71341,房本满五年,精装,低楼层(共29层),2000年建,丽水嘉园,,-
朝阳,东柳西里 ,55.65平米,南 ,246,44205,房本满五年,简装,中楼层(共5层),1990年建,东柳西里,,-
朝阳,松榆西里 ,52.37平米,东,309,59004,房本满五年,简装,中楼层(共19层),1998年建,松榆西里,,-
朝阳,亮马水晶 ,90.79平米,南 西,538,59258,房本满五年,简装,中楼层(共20层),2003年建,亮马水晶,,-
朝阳,润泽悦溪 ,88.88平米,南 ,658,74033,房本满五年,精装,中楼层(共10层),2010年建,润泽悦溪,,-
朝阳,双龙南里 ,45.78平米,,248,54173,房本满五年,简装,顶层(共6层),1995年建,双龙南里,,-
朝阳,金隅悦和园 ,61.3平米,,273,44536,房本满五年,精装,高楼层(共28层),2013年建,金隅悦和园,,-
朝阳,南平里 ,56.51平米,,190,33623,房本满五年,简装,顶层(共6层),1990年建,南平里,,-
朝阳,康静里 ,57.44平米,南 ,298,51881,房本满五年,简装,低楼层(共6层),1994年建,康静里,,-
朝阳,甘露园南里 ,59.64平米,南 ,335,56171,房本满五年,简装,底层(共6层),1994年建,甘露园南里,,-
朝阳,东领鉴筑 ,50.09平米,,250,49911,房本满五年,精装,中楼层(共14层),2005年建,东领鉴筑,,-
朝阳,双桥六号井 ,59.57平米,南 ,262,43982,房本满五年,简装,中楼层(共5层),1993年建,双桥六号井,,-
朝阳,农光里 ,62.06平米,西,405,65260,房本满五年,简装,中楼层(共24层),1996年建,农光里,,-
朝阳,CBD传奇 ,65.95平米,,525,79606,房本满五年,精装,18层,2006年建,CBD传奇,,-
朝阳,芍药居北里 ,95.19平米,东南 ,645,67760,房本满五年,简装,中楼层(共24层),1998年建,芍药居北里,,-
朝阳,天畅园 ,101.69平米,,505,49661,房本满五年,精装,中楼层(共32层),2008年建,天畅园,,-
朝阳,小关北里 ,59.09平米,南 ,430,72771,房本满五年,简装,中楼层(共12层),1995年建,小关北里,,-
朝阳,后现代城A区 ,62.8平米,,440,70064,房本满五年,精装,高楼层(共18层),2004年建,后现代城A区,,-
朝阳,南新园 ,44.69平米,,290,64892,房本满五年,精装,低楼层(共24层),1996年建,南新园,,-
朝阳,金隅悦和园 ,79.52平米,,349,43889,房本满五年,简装,低楼层(共28层),板塔结合,金隅悦和园,,-
朝阳,芍药居北里 ,85.1平米,,605,71093,,精装,中楼层(共28层),2008年建,芍药居北里,,-
朝阳,青年汇佳园 ,57.85平米,,435,75195,,简装,中楼层(共20层),2006年建,青年汇佳园,,-
朝阳,农光里 ,43.51平米,,309,71019,,简装,高楼层(共24层),1999年建,农光里,,-
朝阳,安慧东里 ,50.22平米,,322,64118,,简装,底层(共7层),1997年建,安慧东里,,-
朝阳,石佛营西里小区 ,60.18平米,南 ,340,56498,,精装,中楼层(共15层),1999年建,石佛营西里小区,,-
朝阳,金港国际 ,65.51平米,,462,70524,房本满五年,精装,中楼层(共10层),2003年建,金港国际,,-
朝阳,东恒时代二期 ,54.83平米,西,420,76601,房本满五年,精装,低楼层(共16层),2006年建,东恒时代二期,,-
朝阳,芍药居北里 ,73.52平米,东,585,79571,房本满五年,精装,低楼层(共24层),1998年建,芍药居北里,,-
朝阳,三间房西里 ,49.99平米,南 ,240,48010,房本满五年,简装,中楼层(共5层),1998年建,三间房西里,,-
朝阳,翠成馨园D区 ,79.69平米,,359,45050,房本满五年,精装,中楼层(共28层),2012年建,翠成馨园D区,,-
朝阳,劲松八区 ,60.82平米,东 ,325,53437,房本满五年,简装,高楼层(共12层),1984年建,劲松八区,,-
朝阳,南新园 ,84.71平米,西,416,49109,房本满五年,精装,底层(共24层),1996年建,南新园,,-
朝阳,八里庄北里小区 ,59.14平米,南 ,359,60704,房本满五年,精装,顶层(共5层),1994年建,八里庄北里小区,,-
朝阳,后现代城C区 ,64.19平米,,375,58421,房本满五年,简装,低楼层(共27层),2007年建,后现代城C区,,-
朝阳,松榆西里 ,46.51平米,,269,57838,房本满五年,精装,顶层(共6层),1994年建,松榆西里,,-
朝阳,光华欣居 ,112.82平米,南 ,558,49460,房本满五年,简装,低楼层(共15层),1998年建,光华欣居,,-
朝阳,苹果派 ,51.91平米,,278,53555,房本满五年,简装,底层(共10层),2007年建,苹果派,,-
朝阳,芍药居北里 ,78.56平米,,575,73193,房本满五年,简装,低楼层(共20层),2008年建,芍药居北里,,-
朝阳,华腾园 ,98.28平米,,645,65629,房本满五年,精装,高楼层(共28层),2000年建,华腾园,,-
朝阳,丝竹园小区 ,56.74平米,,390,68735,房本满五年,简装,中楼层(共6层),1989年建,丝竹园小区,,-
朝阳,后现代城D区 ,68.78平米,南 ,430,62519,房本满五年,精装,中楼层(共27层),2006年建,后现代城D区,,-
朝阳,东泽园 ,60.22平米,,285,47327,房本满五年,精装,高楼层(共21层),2012年建,东泽园,,-
朝阳,砖角楼南里 ,75.6平米,南 ,585,77381,房本满五年,简装,高楼层(共22层),1985年建,砖角楼南里,,-
朝阳,农光里 ,65.22平米,东,410,62865,房本满五年,简装,高楼层(共24层),1996年建,农光里,,-
朝阳,西大望路12号院 ,48.36平米,,255,52730,房本满五年,简装,顶层(共6层),1989年建,西大望路12号院,,-
朝阳,南湖中园二区 ,69.73平米,南 ,468,67117,房本满五年,精装,高楼层(共6层),2000年建,南湖中园二区,,-
朝阳,润枫水尚 ,51.39平米,,380,73945,房本满五年,精装,中楼层(共14层),2007年建,润枫水尚,,-
朝阳,石佛营西里小区 ,45.81平米,南 ,245,53482,房本满五年,精装,顶层(共6层),1994年建,石佛营西里小区,,-
朝阳,双惠小区 ,80.94平米,南 ,380,46949,房本满五年,简装,中楼层(共6层),2004年建,双惠小区,,-
朝阳,小关北里 ,74.5平米,南 ,570,76511,房本满五年,精装,中楼层(共6层),1995年建,小关北里,,-
朝阳,朝阳旺角 ,106.91平米,西,435,40689,房本满五年,简装,低楼层(共15层),2007年建,朝阳旺角,,-
朝阳,九龙花园 ,62.13平米,南 ,420,67601,房本满五年,简装,高楼层(共22层),2001年建,九龙花园,,-
朝阳,北苑家园清友园 ,102.59平米,东,485,47276,,精装,顶层(共25层),2002年建,北苑家园清友园,,-
朝阳,亮马桥9号院 ,68.68平米,南 ,430,62610,,简装,底层(共6层),1988年建,亮马桥9号院,,-
朝阳,北苑家园紫绶园 ,77.2平米,西 ,386,50000,,简装,低楼层(共25层),2000年建,北苑家园紫绶园,,-
朝阳,通惠家园 ,80.16平米,,430,53643,房本满五年,精装,中楼层(共28层),2001年建,通惠家园,,-
朝阳,后现代城A区 ,55.45平米,,379,68350,房本满五年,精装,低楼层(共20层),2003年建,后现代城A区,,-
朝阳,北苑家园绣菊园 ,97.91平米,西,459,46880,房本满五年,简装,低楼层(共25层),2001年建,北苑家园绣菊园,,-
朝阳,通惠家园 ,87.21平米,南 ,535,61347,房本满五年,简装,中楼层(共7层),2002年建,通惠家园,,-
朝阳,百环家园 ,98.7平米,东,530,53699,房本满五年,简装,顶层(共28层),2005年建,百环家园,,-
朝阳,首开畅心园 ,50.74平米,,235,46315,房本满五年,简装,中楼层(共29层),2010年建,首开畅心园,,-
朝阳,太阳公元 ,89.79平米,,1189,132421,房本满五年,精装,中楼层(共27层),2011年建,太阳公元,,-
朝阳,远洋一方林语苑 ,89.98平米,南 ,475,52790,房本满五年,精装,高楼层(共18层),2009年建,远洋一方林语苑,,-
朝阳,东一时区 ,63.29平米,东,250,39501,房本满五年,精装,中楼层(共22层),2005年建,东一时区,,-
朝阳,地杰长安驿 ,109.9平米,,645,58690,房本满五年,精装,中楼层(共31层),2009年建,地杰长安驿,,-
朝阳,向军北里 ,39.1平米,,380,97187,房本满五年,简装,中楼层(共15层),1996年建,向军北里,,-
朝阳,MASTER领域 ,56.91平米,西,327,57460,房本满五年,精装,中楼层(共20层),2008年建,MASTER领域,,-
朝阳,首城国际B区 ,89.31平米,南 ,830,92935,房本满五年,精装,中楼层(共28层),2010年建,首城国际B区,,-
朝阳,驼房营南里 ,74.1平米,南 ,405,54656,房本满五年,精装,中楼层(共6层),2004年建,驼房营南里,,-
朝阳,道家园 ,63.89平米,南 ,375,58695,房本满五年,简装,高楼层(共12层),1991年建,道家园,,-
朝阳,金隅景和园 ,84.47平米,,415,49130,房本满五年,简装,低楼层(共21层),2011年建,金隅景和园,,-
朝阳,南沙滩小区 ,55.11平米,,364,66050,房本满五年,简装,低楼层(共6层),1984年建,南沙滩小区,,-
朝阳,道家园 ,63.53平米,南 ,420,66111,房本满五年,简装,中楼层(共18层),1993年建,道家园,,-
朝阳,芍药居北里 ,45.5平米,,415,91209,房本满五年,简装,高楼层(共7层),1994年建,芍药居北里,,-
朝阳,康家园 ,48.79平米,南 ,257,52675,房本满五年,简装,中楼层(共6层),1996年建,康家园,,-
朝阳,沿海赛洛城一期 ,69.11平米,,445,64391,房本满五年,精装,高楼层(共24层),2007年建,沿海赛洛城一期,,-
朝阳,华腾园 ,93.4平米,西南 ,645,69058,房本满五年,简装,高楼层(共28层),2003年建,华腾园,,-
朝阳,甘露园南里 ,63.52平米,南 ,365,57463,房本满五年,简装,中楼层(共16层),1996年建,甘露园南里,,-
朝阳,紫薇天悦 ,100.76平米,东,718,71259,房本满五年,精装,低楼层(共24层),2009年建,紫薇天悦,,-
朝阳,北京新天地五期 ,61.04平米,,330,54063,房本满五年,精装,顶层(共28层),2009年建,北京新天地五期,,-
朝阳,北京新天地四期 ,68.55平米,东,363,52955,房本满五年,精装,中楼层(共20层),2008年建,北京新天地四期,,-
朝阳,安慧里二区 ,67.54平米,西,480,71069,,精装,高楼层(共25层),1987年建,安慧里二区,,-
朝阳,安贞西里 ,37.79平米,,304,80445,,精装,低楼层(共16层),1986年建,安贞西里,,-
朝阳,南十里居 ,68.4平米,南 ,418,61112,,简装,低楼层(共6层),1995年建,南十里居,,-
朝阳,10AM新坐标 ,39.19平米,,268,68385,,精装,29层,2005年建,10AM新坐标,,-
朝阳,平乐园小区 ,46.32平米,,318,68653,房本满五年,精装,顶层(共6层),1993年建,平乐园小区,,-
朝阳,风度柏林 ,67.51平米,,520,77026,房本满五年,精装,中楼层(共22层),2006年建,风度柏林,,-
朝阳,双桥六号井 ,53.69平米,南 ,263,48985,房本满五年,简装,底层(共6层),1994年建,双桥六号井,,-
朝阳,平乐园小区 ,60.33平米,东,361,59838,房本满五年,简装,高楼层(共18层),1996年建,平乐园小区,,-
朝阳,新源南路 ,45.22平米,,329,72756,房本满五年,精装,顶层(共16层),1984年建,新源南路,,-
朝阳,翠成馨园D区 ,70.39平米,东 南 ,330,46882,房本满五年,简装,中楼层(共28层),2012年建,翠成馨园D区,,-
朝阳,苹果社区北区 ,104.5平米,,620,59331,房本满五年,精装,高楼层(共33层),2007年建,苹果社区北区,,-
朝阳,安翔南里 ,52.2平米,南 ,365,69924,房本满五年,简装,底层(共6层),1989年建,安翔南里,,-
朝阳,翠成馨园D区 ,71.29平米,南 ,330,46290,房本满五年,精装,中楼层(共28层),2012年建,翠成馨园D区,,-
朝阳,三源里北小街 ,59.72平米,东,400,66980,房本满五年,简装,中楼层(共16层),1983年建,三源里北小街,,-
朝阳,社会科学院 ,101.08平米,南 ,690,68263,房本满五年,简装,中楼层(共14层),1995年建,社会科学院,,-
朝阳,国美第一城2号院 ,136.04平米,南 ,785,57704,房本满五年,精装,高楼层(共27层),2006年建,国美第一城2号院,,-
朝阳,美景东方 ,114.68平米,东,710,61912,房本满五年,精装,25层,2010年建,美景东方,,-
朝阳,珠江罗马嘉园东区 ,82.14平米,西,565,68786,房本满五年,精装,中楼层(共17层),2008年建,珠江罗马嘉园东区,,-
朝阳,松榆西里 ,67.79平米,南 ,395,58269,房本满五年,简装,顶层(共6层),1992年建,松榆西里,,-
朝阳,安慧东里 ,97.75平米,东,535,54732,房本满五年,简装,高楼层(共22层),2000年建,安慧东里,,-
朝阳,天怡家园 ,98.87平米,西,488,49358,房本满五年,简装,高楼层(共19层),2006年建,天怡家园,,-
朝阳,弘善家园 ,74.7平米,东 ,369,49398,房本满五年,精装,中楼层(共28层),2009年建,弘善家园,,-
朝阳,惠新北里 ,89.11平米,西南 ,630,70700,房本满五年,简装,底层(共16层),1994年建,惠新北里,,-
朝阳,柏林爱乐一期 ,65.9平米,,369,55994,房本满五年,精装,中楼层(共11层),2002年建,柏林爱乐一期,,-
朝阳,管庄北二里 ,80.65平米,东 南 ,425,52697,,精装,高楼层(共28层),2013年建,管庄北二里,,-
朝阳,奥林匹克花园三期 ,125.91平米,南 ,758,60202,,精装,中楼层(共10层),2007年建,奥林匹克花园三期,,-
朝阳,世茂奥临花园 ,174.26平米,南 ,1270,72880,,精装,高楼层(共27层),2007年建,世茂奥临花园,,-
朝阳,丽都东镇 ,158.11平米,南 ,1000,63248,,精装,中楼层(共9层),2008年建,丽都东镇,,-
朝阳,北苑家园茉藜园 ,102.78平米,东,498,48454,,精装,中楼层(共26层),2005年建,北苑家园茉藜园,,-
朝阳,安慧北里雅园 ,82.74平米,东 南 ,575,69495,,精装,低楼层(共20层),1996年建,安慧北里雅园,,-
朝阳,富力又一城B区 ,104.32平米,,499,47834,,精装,高楼层(共22层),2008年建,富力又一城B区,,-
朝阳,美利山 ,74.94平米,,410,54711,,精装,中楼层(共24层),2011年建,美利山,,-
朝阳,福怡苑 ,62.76平米,东 ,278,44296,,精装,底层(共7层),1998年建,福怡苑,,-
朝阳,南湖东园一区 ,140.15平米,东,710,50661,,精装,高楼层(共28层),1999年建,南湖东园一区,,-
朝阳,华纺易城 ,90.8平米,东,616,67842,房本满五年,简装,中楼层(共18层),2005年建,华纺易城,,-
朝阳,百环花园 ,138.6平米,东南 ,628,45311,房本满五年,简装,中楼层(共28层),2001年建,百环花园,,-
朝阳,兴隆家园 ,75.39平米,,352,46691,房本满五年,精装,中楼层(共23层),2005年建,兴隆家园,,-
朝阳,奥林匹克花园四期 ,139.57平米,南 ,760,54453,房本满五年,精装,低楼层(共10层),2009年建,奥林匹克花园四期,,-
朝阳,万达广场公寓 ,141.17平米,西,800,56670,房本满五年,精装,低楼层(共27层),2005年建,万达广场公寓,,-
朝阳,富华家园 ,72.63平米,西南 ,343,47226,房本满五年,精装,低楼层(共24层),2000年建,富华家园,,-
朝阳,安慧里二区 ,94.21平米,南 ,720,76426,房本满五年,精装,低楼层(共18层),1991年建,安慧里二区,,-
朝阳,胜古家园 ,122.3平米,南 ,950,77678,房本满五年,简装,中楼层(共22层),1999年建,胜古家园,,-
朝阳,华威西里 ,58.62平米,西,325,55442,房本满五年,精装,中楼层(共22层),1990年建,华威西里,,-
朝阳,翠成馨园A区 ,97.86平米,,435,44452,房本满五年,精装,顶层(共14层),2006年建,翠成馨园A区,,-
朝阳,团结湖南里 ,53.6平米,南 ,360,67165,房本满五年,简装,中楼层(共5层),1982年建,团结湖南里,,-
朝阳,静安里 ,124.46平米,东,740,59457,房本满五年,简装,底层(共7层),1997年建,静安里,,-
朝阳,兴隆家园 ,75.39平米,,395,52395,房本满五年,精装,中楼层(共23层),2005年建,兴隆家园,,-
朝阳,国美第一城3号院 ,94.52平米,,589,62315,房本满五年,精装,低楼层(共27层),2007年建,国美第一城3号院,,-
朝阳,惠新西街甲17号院 ,76.85平米,南 西 ,588,76513,房本满五年,简装,低楼层(共6层),1988年建,惠新西街甲17号院,,-
朝阳,首开常青藤四期 ,95.26平米,南 ,603,63301,房本满五年,精装,低楼层(共9层),2013年建,首开常青藤四期,,-
朝阳,国美第一城2号院 ,96.75平米,西,558,57675,房本满五年,精装,27层,2006年建,国美第一城2号院,,-
朝阳,易构空间 ,73.06平米,,445,60909,房本满五年,精装,高楼层(共24层),2004年建,易构空间,,-
朝阳,华亭嘉园 ,188.35平米,北 东,990,52562,房本满五年,简装,低楼层(共32层),2000年建,华亭嘉园,,-
朝阳,水郡长安 ,148.35平米,西,595,40108,房本满五年,精装,高楼层(共20层),2008年建,水郡长安,,-
朝阳,团结湖东里 ,87.49平米,西,580,66294,房本满五年,精装,中楼层(共16层),1987年建,团结湖东里,,-
朝阳,天怡家园 ,130.55平米,西,745,57067,房本满五年,精装,高楼层(共20层),2006年建,天怡家园,,-
朝阳,艺水芳园 ,122.65平米,南 ,515,41990,房本满五年,简装,底层(共10层),2005年建,艺水芳园,,-
朝阳,翠成馨园C区 ,102.7平米,,468,45570,房本满五年,精装,中楼层(共13层),2007年建,翠成馨园C区,,-
朝阳,百子湾家园二区 ,62.2平米,,305,49036,,精装,中楼层(共24层),2006年建,百子湾家园二区,,-
朝阳,朝阳旺角 ,139.2平米,南 ,590,42386,,精装,低楼层(共16层),2006年建,朝阳旺角,,-
朝阳,兴隆家园 ,66.1平米,西,410,62028,,精装,中楼层(共24层),2001年建,兴隆家园,,-
朝阳,北苑家园莲葩园 ,111.66平米,东,528,47287,,精装,高楼层(共25层),2004年建,北苑家园莲葩园,,-
朝阳,樱花园 ,58.2平米,南 ,459,78866,,精装,高楼层(共6层),1986年建,樱花园,,-
朝阳,优点社区 ,98.73平米,南 ,508,51454,,精装,中楼层(共11层),2006年建,优点社区,,-
朝阳,九龙花园 ,125.78平米,南 ,688,54699,房本满五年,精装,中楼层(共22层),2001年建,九龙花园,,-
朝阳,晶都国际 ,49.35平米,东,275,55725,房本满五年,精装,中楼层(共21层),2006年建,晶都国际,,-
朝阳,双惠小区 ,31.72平米,东 ,215,67781,房本满五年,精装,低楼层(共6层),2004年建,双惠小区,,-
朝阳,砖角楼南里 ,55平米,东 ,400,72728,房本满五年,简装,中楼层(共6层),1986年建,砖角楼南里,,-
朝阳,南湖东园一区 ,136.64平米,东南 ,695,50864,房本满五年,精装,高楼层(共28层),1998年建,南湖东园一区,,-
朝阳,大成国际 ,45.4平米,,235,51763,房本满五年,精装,高楼层(共21层),2007年建,大成国际,,-
朝阳,农光里 ,41.07平米,,269,65498,房本满五年,精装,中楼层(共6层),1980年建,农光里,,-
朝阳,左家庄西街 ,65.69平米,东 ,365,55565,房本满五年,简装,顶层(共7层),1994年建,左家庄西街,,-
朝阳,晨光家园 ,66.66平米,,385,57756,房本满五年,简装,低楼层(共26层),2000年建,晨光家园,,-
朝阳,懿品阁 ,66.65平米,,515,77270,房本满五年,精装,中楼层(共18层),2005年建,懿品阁,,-
朝阳,东一时区 ,58.92平米,西南 ,289.9,49203,房本满五年,精装,中楼层(共22层),2005年建,东一时区,,-
朝阳,炫特嘉园三期 ,64.53平米,,368,57028,房本满五年,精装,高楼层(共25层),2006年建,炫特嘉园三期,,-
朝阳,西坝河东里 ,45.15平米,,299,66224,房本满五年,简装,底层(共18层),1987年建,西坝河东里,,-
朝阳,望京新城 ,97.29平米,西,595,61158,房本满五年,精装,高楼层(共27层),1997年建,望京新城,,-
朝阳,磨房南里 ,44.01平米,东,245,55670,房本满五年,简装,低楼层(共6层),1991年建,磨房南里,,-
朝阳,吉利家园 ,150.55平米,西,860,57124,房本满五年,精装,中楼层(共20层),2001年建,吉利家园,,-
朝阳,南沙滩小区 ,53.65平米,,350,65238,房本满五年,简装,中楼层(共6层),1984年建,南沙滩小区,,-
朝阳,深房大厦 ,150.19平米,西 ,800,53266,房本满五年,简装,中楼层(共23层),1997年建,深房大厦,,-
朝阳,江南山水 ,261.03平米,南 ,1150,44057,房本满五年,精装,3层,2011年建,江南山水,,-
朝阳,建业苑 ,131.57平米,南 ,590,44844,,简装,高楼层(共7层),1996年建,建业苑,,-
朝阳,沿海赛洛城三期 ,130.3平米,南 ,735,56409,,精装,低楼层(共14层),2007年建,沿海赛洛城三期,,-
朝阳,华贸城 ,66.94平米,,420,62743,,简装,中楼层(共28层),2011年建,华贸城,,-
朝阳,首开龙湖天璞 ,128.58平米,南 ,1200,93328,,精装,中楼层(共11层),2017年建,首开龙湖天璞,,-
朝阳,定福庄西街 ,57.93平米,南 ,260,44882,,简装,中楼层(共6层),1986年建,定福庄西街,,-
朝阳,弘善家园 ,90.27平米,西,418,46306,,简装,高楼层(共28层),2012年建,弘善家园,,-
朝阳,三丰里小区 ,57.41平米,南 ,428,74552,,精装,高楼层(共6层),1989年建,三丰里小区,,-
朝阳,瑞祥里 ,71.19平米,,308,43265,,精装,中楼层(共10层),2006年建,瑞祥里,,-
朝阳,北沙滩4号院 ,59.81平米,东 ,365,61027,,精装,中楼层(共6层),1990年建,北沙滩4号院,,-
朝阳,双惠小区 ,58.9平米,东 ,288,48897,,简装,底层(共6层),2004年建,双惠小区,,-
朝阳,汽修一厂宿舍 ,65.24平米,南 ,388,59473,,精装,中楼层(共6层),1989年建,汽修一厂宿舍,,-
朝阳,团结湖北三条 ,81.53平米,,585,71753,房本满五年,精装,高楼层(共18层),1990年建,团结湖北三条,,-
朝阳,南平里 ,54.57平米,东,198,36284,房本满五年,简装,底层(共6层),1992年建,南平里,,-
朝阳,北苑家园绣菊园 ,82.81平米,南 ,439,53013,房本满五年,简装,低楼层(共14层),2000年建,北苑家园绣菊园,,-
朝阳,新纪家园 ,49.45平米,,415,83924,房本满五年,精装,低楼层(共21层),2002年建,新纪家园,,-
朝阳,首城国际B区 ,87.67平米,,780,88971,房本满五年,精装,高楼层(共27层),2010年建,首城国际B区,,-
朝阳,紫薇天悦 ,87.27平米,,668,76545,房本满五年,精装,低楼层(共24层),2009年建,紫薇天悦,,-
朝阳,中国铁建国际城 ,57.8平米,南 ,430,74395,房本满五年,精装,底层(共6层),2011年建,中国铁建国际城,,-
朝阳,双桥六号井 ,61.59平米,南 ,260,42215,房本满五年,精装,低楼层(共6层),1992年建,双桥六号井,,-
朝阳,安贞里 ,54.41平米,南 ,405,74435,房本满五年,简装,中楼层(共6层),1985年建,安贞里,,-
朝阳,慧忠北里第四社区 ,67.47平米,,420,62250,房本满五年,简装,中楼层(共25层),2000年建,慧忠北里第四社区,,-
朝阳,驼房营南里 ,76.59平米,,398,51966,房本满五年,精装,低楼层(共22层),2000年建,驼房营南里,,-
朝阳,拂林园 ,124.57平米,西,700,56194,房本满五年,精装,中楼层(共30层),2004年建,拂林园,,-
朝阳,柏林爱乐一期 ,64.44平米,东 ,360,55866,房本满五年,精装,中楼层(共11层),2002年建,柏林爱乐一期,,-
朝阳,福怡苑 ,67.8平米,,340,50148,房本满五年,精装,中楼层(共7层),1998年建,福怡苑,,-
朝阳,北沙滩1号院 ,43.57平米,,325,74593,房本满五年,简装,中楼层(共6层),1990年建,北沙滩1号院,,-
朝阳,八里庄北里小区 ,64.09平米,东,339,52895,房本满五年,精装,低楼层(共18层),1995年建,八里庄北里小区,,-
朝阳,垂杨柳南里 ,48.81平米,南 ,285,58390,房本满五年,精装,高楼层(共6层),1977年建,垂杨柳南里,,-
朝阳,金隅景和园 ,61.3平米,,312,50898,房本满五年,简装,中楼层(共21层),2011年建,金隅景和园,,-
朝阳,定福庄西街 ,57.1平米,南 ,278,48687,房本满五年,精装,顶层(共6层),1991年建,定福庄西街,,-
朝阳,双龙南里 ,58.62平米,东 ,320,54589,房本满五年,毛坯,中楼层(共6层),1993年建,双龙南里,,-
朝阳,弘善家园 ,79.06平米,西,368,46547,房本满五年,简装,低楼层(共28层),2009年建,弘善家园,,-
朝阳,松榆西里 ,63.27平米,西,390,61641,房本满五年,精装,高楼层(共18层),1985年建,松榆西里,,-
朝阳,花家地西里一区 ,62.34平米,东,430,68977,房本满五年,精装,高楼层(共18层),1995年建,花家地西里一区,,-
朝阳,甘露家园 ,59.25平米,南 ,328,55359,房本满五年,简装,中楼层(共6层),1987年建,甘露家园,,-
朝阳,金隅景和园 ,60.2平米,,312,51828,房本满五年,精装,高楼层(共21层),2011年建,金隅景和园,,-
朝阳,安苑东里一区 ,56.41平米,南 ,368,65237,房本满五年,精装,顶层(共6层),1986年建,安苑东里一区,,-
朝阳,北京新天地四期 ,52.98平米,,315,59457,,精装,高楼层(共20层),2009年建,北京新天地四期,,-
朝阳,八里庄北里小区 ,42.07平米,,265,62991,,简装,高楼层(共6层),1985年建,八里庄北里小区,,-
朝阳,晨光家园 ,75.97平米,东,498,65553,,简装,中楼层(共28层),1999年建,晨光家园,,-
朝阳,绿岛苑西区 ,75.75平米,西,340,44885,,精装,低楼层(共24层),1999年建,绿岛苑西区,,-
朝阳,芍药居北里 ,64.33平米,,424.5,65988,房本满五年,精装,低楼层(共24层),1998年建,芍药居北里,,-
朝阳,金隅康惠园3号院 ,89.84平米,南 ,370,41185,房本满五年,简装,高楼层(共18层),2011年建,金隅康惠园3号院,,-
朝阳,柳芳南里 ,42.85平米,,307,71646,房本满五年,简装,底层(共6层),1986年建,柳芳南里,,-
朝阳,光熙门北里 ,71平米,西,510,71831,房本满五年,简装,高楼层(共21层),1991年建,光熙门北里,,-
朝阳,北京新天地四期 ,71.96平米,南 ,405,56282,房本满五年,精装,低楼层(共20层),2009年建,北京新天地四期,,-
朝阳,小关北里 ,57平米,南 ,355,62281,房本满五年,简装,顶层(共6层),1986年建,小关北里,,-
朝阳,望京西园一区 ,66.68平米,东,435,65237,房本满五年,精装,中楼层(共28层),1999年建,望京西园一区,,-
朝阳,城市广场 ,35.82平米,,185,51648,房本满五年,简装,底层(共26层),1996年建,城市广场,,-
朝阳,三源里北小街 ,61.97平米,南 ,433,69873,房本满五年,毛坯,低楼层(共6层),1979年建,三源里北小街,,-
朝阳,珠江绿洲 ,153.55平米,,560,36471,房本满五年,精装,中楼层(共31层),2003年建,珠江绿洲,,-
朝阳,花园闸小区 ,57.52平米,南 ,262,45550,,精装,顶层(共6层),1990年建,花园闸小区,,-
朝阳,天之骄子 ,121.12平米,东 ,810,66876,,精装,中楼层(共17层),2006年建,天之骄子,,-
朝阳,呼家楼南里 ,62.82平米,南 ,420,66858,,简装,低楼层(共6层),1973年建,呼家楼南里,,-
朝阳,林奥嘉园 ,118.97平米,,647,54384,,毛坯,中楼层(共27层),2015年建,林奥嘉园,,-
朝阳,芍药居2号院 ,57.93平米,南 ,463,79925,,简装,中楼层(共6层),1991年建,芍药居2号院,,-
朝阳,京通苑 ,72.39平米,,323,44620,,简装,低楼层(共24层),1998年建,京通苑,,-
朝阳,百环家园 ,139.63平米,西,745,53356,,简装,高楼层(共28层),2005年建,百环家园,,-
朝阳,首开常青藤四期 ,140.08平米,南 ,930,66391,,简装,低楼层(共6层),2013年建,首开常青藤四期,,-
朝阳,翠成馨园D区 ,92.35平米,南 ,386,41798,,毛坯,中楼层(共28层),2017年建,翠成馨园D区,,-
朝阳,华辉苑 ,124.95平米,,640,51221,,简装,高楼层(共12层),2000年建,华辉苑,,-
朝阳,妇联小区 ,77.3平米,西,352,45537,,精装,中楼层(共16层),1994年建,妇联小区,,-
朝阳,西坝河中里 ,64.31平米,南 西,415,64532,,简装,中楼层(共13层),1986年建,西坝河中里,,-
朝阳,安慧里一区 ,44.97平米,东,317,70492,,简装,中楼层(共6层),1989年建,安慧里一区,,-
朝阳,安慧里一区 ,68.47平米,南 ,485,70834,,精装,高楼层(共6层),1989年建,安慧里一区,,-
朝阳,望京新城 ,89.73平米,西,555,61853,,精装,低楼层(共31层),1997年建,望京新城,,-
朝阳,地杰长安驿 ,45.47平米,,335,73675,,精装,低楼层(共31层),2009年建,地杰长安驿,,-
朝阳,科学园南里六区 ,109.83平米,南 ,775,70564,,精装,高楼层(共7层),1999年建,科学园南里六区,,-
朝阳,润枫水尚 ,124.3平米,南 ,798,64200,,精装,顶层(共11层),2007年建,润枫水尚,,-
朝阳,百环家园 ,103.61平米,西 ,553,53374,,精装,高楼层(共28层),2005年建,百环家园,,-
朝阳,定福家园1号院 ,119.47平米,北 ,540,45200,,简装,低楼层(共16层),2010年建,定福家园1号院,,-
朝阳,雅宝里 ,60.73平米,北 ,439,72288,房本满五年,精装,低楼层(共6层),1982年建,雅宝里,,-
朝阳,工体东路 ,56.19平米,,400,71188,,简装,低楼层(共12层),1980年建,工体东路,,-
朝阳,双龙南里 ,46.4平米,,257,55388,,精装,顶层(共6层),1994年建,双龙南里,,-
朝阳,和平街西苑 ,48.16平米,东 ,318,66030,,简装,中楼层(共7层),1997年建,和平街西苑,,-
朝阳,磨房北里 ,56.79平米,东 西,360,63392,,简装,高楼层(共18层),1990年建,磨房北里,,-
朝阳,机械学院家属楼 ,43.91平米,,295,67183,,简装,高楼层(共6层),1986年建,机械学院家属楼,,-
朝阳,劲松二区 ,38.52平米,,243,63085,,简装,中楼层(共12层),1979年建,劲松二区,,-
朝阳,梵谷水郡 ,80.55平米,东,465,57729,,精装,中楼层(共24层),2005年建,梵谷水郡,,-
朝阳,青荷里南山园 ,71.58平米,,285,39816,,简装,中楼层(共29层),2015年建,青荷里南山园,,-
朝阳,甘露园南里 ,44.35平米,东 ,239,53890,,简装,高楼层(共6层),1994年建,甘露园南里,,-
朝阳,幸福二村 ,54.63平米,南 ,435,79627,,简装,低楼层(共6层),1986年建,幸福二村,,-
朝阳,北苑家园望春园 ,101.68平米,东,540,53108,,精装,低楼层(共25层),2007年建,北苑家园望春园,,-
朝阳,松榆西里 ,59.23平米,,344,58079,,简装,低楼层(共18层),1987年建,松榆西里,,-
朝阳,安贞西里 ,47.67平米,南 ,366,76778,,简装,高楼层(共16层),1986年建,安贞西里,,-
朝阳,大成国际 ,36.32平米,,220,60573,,精装,中楼层(共21层),2007年建,大成国际,,-
朝阳,惠新北里 ,68.5平米,东,515,75183,,简装,低楼层(共16层),1995年建,惠新北里,,-
朝阳,松榆东里 ,44.82平米,东,278,62026,,简装,中楼层(共18层),1993年建,松榆东里,,-
朝阳,农光里 ,48.05平米,,310,64517,,毛坯,低楼层(共24层),1997年建,农光里,,-
朝阳,富力城E区 ,96平米,,750,78125,,简装,中楼层(共18层),2007年建,富力城E区,,-
朝阳,定福庄西街 ,50.08平米,南 ,234,46726,,简装,底层(共5层),1977年建,定福庄西街,,-
朝阳,霞光里30号院 ,42.41平米,西,289,68145,,精装,高楼层(共6层),1992年建,霞光里30号院,,-
朝阳,青荷里南山园 ,82.24平米,,317,38546,,简装,低楼层(共29层),2015年建,青荷里南山园,,-
朝阳,花园闸小区 ,57.54平米,南 ,273,47446,,简装,低楼层(共6层),1992年建,花园闸小区,,-
朝阳,太阳公元 ,89.29平米,,1150,128794,,精装,高楼层(共27层),2010年建,太阳公元,,-
朝阳,青荷里南山园 ,71.93平米,,278,38649,,简装,底层(共29层),2015年建,青荷里南山园,,-
朝阳,大成国际 ,36.32平米,,239,65804,,精装,中楼层(共21层),2007年建,大成国际,,-
朝阳,福怡苑 ,61.81平米,西,265,42874,,精装,高楼层(共7层),1998年建,福怡苑,,-
朝阳,绿丰家园 ,81.23平米,南 ,285,35086,,简装,底层(共6层),2008年建,绿丰家园,,-
朝阳,北苑家园清友园 ,127.34平米,西,659,51752,,精装,高楼层(共25层),2002年建,北苑家园清友园,,-
朝阳,芳草地北巷 ,62.61平米,南 ,580,92637,,简装,低楼层(共6层),1983年建,芳草地北巷,,-
朝阳,富力城A区 ,59.7平米,,534,89448,房本满五年,精装,低楼层(共28层),2004年建,富力城A区,,-
朝阳,松榆东里 ,47.06平米,,282,59924,房本满五年,简装,低楼层(共6层),1995年建,松榆东里,,-
朝阳,南湖东园二区 ,54.14平米,,380,70189,房本满五年,精装,顶层(共14层),1998年建,南湖东园二区,,-
朝阳,育慧西里 ,70.92平米,东 ,429,60491,房本满五年,简装,底层(共6层),1996年建,育慧西里,,-
朝阳,甘露西园 ,84.75平米,南 ,365,43068,,简装,中楼层(共14层),2000年建,甘露西园,,-
朝阳,星源汇 ,83.54平米,,710,84990,,精装,低楼层(共18层),2009年建,星源汇,,-
朝阳,双龙南里 ,56.09平米,南 ,325,57943,,精装,底层(共6层),1993年建,双龙南里,,-
朝阳,松榆里 ,53.31平米,南 ,331,62090,,简装,底层(共6层),1992年建,松榆里,,-
朝阳,力源里 ,64.96平米,西南 ,390,60037,,精装,低楼层(共24层),1996年建,力源里,,-
朝阳,十里堡南区 ,55.97平米,南 ,325,58067,,毛坯,中楼层(共6层),1993年建,十里堡南区,,-
朝阳,隆远阁 ,82.37平米,,668,81098,,精装,高楼层(共15层),2008年建,隆远阁,,-
朝阳,三间房南里7号院 ,37.54平米,东南 ,205,54609,,简装,中楼层(共6层),1983年建,三间房南里7号院,,-
朝阳,华业玫瑰东方 ,238.94平米,南 ,1100,46037,,简装,底层(共18层),2006年建,华业玫瑰东方,,-
朝阳,凯旋城 ,108.72平米,西,599,55096,,简装,低楼层(共23层),2004年建,凯旋城,,-
朝阳,秀水园 ,60.41平米,南 ,435,72008,,精装,高楼层(共14层),1993年建,秀水园,,-
朝阳,吉祥里 ,58.21平米,西 ,435,74730,,简装,中楼层(共6层),1993年建,吉祥里,,-
朝阳,荟康苑 ,65.65平米,南 ,320,48744,,简装,底层(共7层),1997年建,荟康苑,,-
朝阳,博雅国际 ,65.21平米,,342,52446,,精装,中楼层(共26层),2005年建,博雅国际,,-
朝阳,风格派 ,51.29平米,,369,71944,,精装,低楼层(共19层),2011年建,风格派,,-
朝阳,育慧里一区 ,52.53平米,,308,58634,,精装,中楼层(共7层),2001年建,育慧里一区,,-
朝阳,建业苑 ,73.24平米,南 ,430,58712,,毛坯,底层(共7层),1997年建,建业苑,,-
朝阳,惠新北里1号院 ,41平米,,287,70000,,精装,中楼层(共6层),1986年建,惠新北里1号院,,-
朝阳,东大桥斜街 ,52.15平米,南 ,509,97604,,精装,中楼层(共5层),1978年建,东大桥斜街,,-
朝阳,冠城大通澜石 ,116.81平米,南 ,1319,112919,,精装,高楼层(共26层),2013年建,冠城大通澜石,,-
朝阳,南湖渠西里 ,44.4平米,东,302,68019,,精装,顶层(共6层),1993年建,南湖渠西里,,-
朝阳,晨光家园 ,83.54平米,西,478,57219,,精装,中楼层(共26层),2000年建,晨光家园,,-
朝阳,新纪家园 ,127.6平米,西,818,64107,,精装,中楼层(共26层),2002年建,新纪家园,,-
朝阳,石佛营东里小区 ,50.49平米,东 ,271,53674,,简装,低楼层(共6层),1995年建,石佛营东里小区,,-
朝阳,新城国际 ,199.84平米,南 西南 ,2250,112591,,精装,中楼层(共33层),2005年建,新城国际,,-
朝阳,富顿 ,53.33平米,,299,56067,,简装,中楼层(共23层),2003年建,富顿,,-
朝阳,金港国际 ,45.59平米,,305,66901,房本满五年,精装,中楼层(共11层),2006年建,金港国际,,-
朝阳,天之骄子 ,140.7平米,东 ,998,70932,房本满五年,精装,高楼层(共21层),2006年建,天之骄子,,-
朝阳,京师园 ,115.66平米,南 ,1070,92513,房本满五年,精装,中楼层(共21层),2004年建,京师园,,-
朝阳,南湖东园一区 ,96.5平米,西,525,54405,房本满五年,简装,低楼层(共28层),1998年建,南湖东园一区,,-
朝阳,十里堡北里 ,61.01平米,,299,49009,房本满五年,简装,底层(共6层),1986年建,十里堡北里,,-
朝阳,花园闸小区 ,57.54平米,南 ,270,46924,房本满五年,简装,中楼层(共6层),1992年建,花园闸小区,,-
朝阳,金隅可乐 ,59.84平米,西,120,20054,房本满五年,精装,低楼层(共19层),2009年建,金隅可乐,,-
朝阳,妇联小区 ,64.65平米,南 ,319,49343,房本满五年,精装,底层(共6层),1994年建,妇联小区,,-
朝阳,北京像素北区 ,40.58平米,西,168,41400,房本满五年,精装,低楼层(共13层),2011年建,北京像素北区,,-
朝阳,北京像素南区 ,51.74平米,,195,37689,房本满五年,简装,中楼层(共16层),2012年建,北京像素南区,,-
朝阳,中建玲珑山 ,80.84平米,,250,30926,房本满五年,精装,顶层(共14层),2013年建,中建玲珑山,,-
朝阳,北京像素南区 ,55.85平米,西,215,38496,房本满五年,精装,低楼层(共16层),2011年建,北京像素南区,,-
朝阳,n次方 ,66.69平米,,199,29840,房本满五年,精装,中楼层(共13层),2014年建,n次方,,-
朝阳,北京像素南区 ,51.83平米,西,135,26047,房本满五年,简装,中楼层(共23层),2012年建,北京像素南区,,-
朝阳,林达海渔广场 ,54.13平米,,142,26234,,精装,高楼层(共15层),2010年建,林达海渔广场,,-
朝阳,北京像素北区 ,58.3平米,西南 东,228,39109,,精装,中楼层(共14层),2011年建,北京像素北区,,-
朝阳,美立方 ,67.06平米,,215,32061,,精装,中楼层(共13层),2011年建,美立方,,-
朝阳,北京像素北区 ,46.12平米,,172,37295,,简装,低楼层(共17层),2010年建,北京像素北区,,-
朝阳,旭辉奥都 ,46.96平米,,170,36202,,简装,中楼层(共26层),2008年建,旭辉奥都,,-
朝阳,北京像素北区 ,40.49平米,西,169,41739,,简装,中楼层(共13层),2011年建,北京像素北区,,-
朝阳,常楹公元自由派 ,36.56平米,,130,35558,,精装,低楼层(共23层),2015年建,常楹公元自由派,,-
朝阳,中建玲珑山 ,64.12平米,,180,28073,,精装,低楼层(共14层),2013年建,中建玲珑山,,-
朝阳,北京像素北区 ,49.83平米,东,198,39736,,精装,高楼层(共13层),2011年建,北京像素北区,,-
朝阳,中海城紫鑫阁 ,48平米,,170,35417,,精装,中楼层(共23层),2011年建,中海城紫鑫阁,,-
朝阳,中建玲珑山 ,53.57平米,,162,30241,,精装,低楼层(共14层),2013年建,中建玲珑山,,-
朝阳,潘家园小区 ,40.11平米,,245,61083,,精装,中楼层(共6层),1981年建,潘家园小区,,-
朝阳,北苑家园紫绶园 ,79.43平米,东,397,49982,,精装,高楼层(共25层),2000年建,北苑家园紫绶园,,-
朝阳,安华西里社区 ,57.03平米,南 ,435,76276,,毛坯,低楼层(共6层),1985年建,安华西里社区,,-
朝阳,炫特嘉园三期 ,63.39平米,,405,63891,,精装,中楼层(共25层),2006年建,炫特嘉园三期,,-
朝阳,东柳西里 ,43.84平米,,205,46761,,简装,中楼层(共5层),1987年建,东柳西里,,-
朝阳,白领家园 ,109.71平米,南 ,735,66995,房本满五年,简装,中楼层(共16层),2004年建,白领家园,,-
朝阳,汇园公寓 ,185.17平米,东,1230,66426,房本满五年,简装,顶层(共25层),1990年建,汇园公寓,,-
朝阳,建外SOHO ,237.68平米,西,1180,49647,房本满五年,简装,高楼层(共28层),2003年建,建外SOHO,,-
朝阳,臻园 ,215.54平米,南 ,2120,98358,房本满五年,其他,中楼层(共18层),2016年建,臻园,,-
朝阳,泛海国际澜海园 ,246.8平米,南 ,2650,107375,房本满五年,精装,底层(共18层),2009年建,泛海国际澜海园,,-
朝阳,嘉和丽园 ,242.89平米,东,1280,52699,房本满五年,其他,中楼层(共31层),2001年建,嘉和丽园,,-
朝阳,东恒时代三期 ,105.63平米,东 ,700,66270,房本满五年,精装,高楼层(共27层),2008年建,东恒时代三期,,-
朝阳,大黄庄东路 ,98.53平米,西,396,40191,房本满五年,简装,高楼层(共21层),2009年建,大黄庄东路,,-
朝阳,利景名门 ,111.44平米,西,580,52046,房本满五年,简装,中楼层(共18层),2001年建,利景名门,,-
朝阳,金地国际花园 ,287.29平米,南 ,2950,102684,房本满五年,精装,高楼层(共33层),2004年建,金地国际花园,,-
朝阳,紫南家园 ,181.6平米,南 ,1000,55067,房本满五年,精装,高楼层(共9层),2002年建,紫南家园,,-
朝阳,鸿坤花语墅 ,155.18平米,南 ,2580,166259,房本满五年,精装,顶层(共8层),2013年建,鸿坤花语墅,,-
朝阳,奥林匹克花园四期 ,154.23平米,南 ,910,59003,房本满五年,精装,低楼层(共10层),2009年建,奥林匹克花园四期,,-
朝阳,恋日绿岛 ,54.84平米,东,255,46499,房本满五年,简装,高楼层(共16层),2004年建,恋日绿岛,,-
朝阳,夏都盈座 ,67.56平米,,508,75193,房本满五年,精装,高楼层(共22层),2003年建,夏都盈座,,-
朝阳,优士阁 ,109.68平米,,368,33553,房本满五年,精装,低楼层(共30层),2004年建,优士阁,,-
朝阳,中海城香克林 ,77.22平米,,468,60607,房本满五年,精装,中楼层(共11层),2011年建,中海城香克林,,-
朝阳,胜古家园 ,73.84平米,东,660,89383,房本满五年,简装,中楼层(共14层),1999年建,胜古家园,,-
朝阳,翠成馨园B区 ,123.78平米,南 ,575,46454,房本满五年,简装,高楼层(共6层),2004年建,翠成馨园B区,,-
朝阳,朝阳雅筑 ,125.25平米,南 ,768,61318,房本满五年,精装,顶层(共17层),2006年建,朝阳雅筑,,-
朝阳,蓝筹名座 ,187.42平米,南 ,1480,78968,房本满五年,简装,中楼层(共6层),2003年建,蓝筹名座,,-
朝阳,风度柏林 ,138.68平米,南 西,1060,76435,房本满五年,精装,中楼层(共22层),2004年建,风度柏林,,-
朝阳,利泽西园 ,105.28平米,南 ,690,65540,房本满五年,简装,低楼层(共24层),1999年建,利泽西园,,-
朝阳,筑华年 ,68.73平米,,458,66638,,简装,低楼层(共28层),2012年建,筑华年,,-
朝阳,工体西里 ,76.52平米,东 西,761,99452,,精装,低楼层(共18层),1990年建,工体西里,,-
朝阳,花家地西里三区 ,82.53平米,西,520,63008,,简装,底层(共6层),1999年建,花家地西里三区,,-
朝阳,名苑雅居 ,87.05平米,西,660,75819,,简装,中楼层(共14层),2005年建,名苑雅居,,-
朝阳,南湖中园一区 ,75.06平米,东 ,485,64615,,简装,中楼层(共7层),1998年建,南湖中园一区,,-
朝阳,阳光上东 ,180.55平米,南 ,1720,95265,,精装,低楼层(共9层),2006年建,阳光上东,,-
朝阳,吉利家园 ,115.22平米,,780,67697,,其他,底层(共24层),2000年建,吉利家园,,-
朝阳,苹果社区北区 ,111.54平米,,620,55586,房本满五年,精装,高楼层(共33层),2007年建,苹果社区北区,,-
朝阳,南湖中园一区 ,97.54平米,东 ,570,58438,房本满五年,简装,中楼层(共7层),1999年建,南湖中园一区,,-
朝阳,东区国际 ,159.3平米,南 ,980,61520,房本满五年,精装,中楼层(共22层),2009年建,东区国际,,-
朝阳,美伦堡 ,159.48平米,南 ,1550,97191,房本满五年,精装,中楼层(共14层),2008年建,美伦堡,,-
朝阳,拂林园 ,140.18平米,南 西 ,759,54145,房本满五年,精装,低楼层(共30层),2004年建,拂林园,,-
朝阳,亚奥金茂悦 ,97.09平米,西,800,82398,房本满五年,精装,低楼层(共18层),2013年建,亚奥金茂悦,,-
朝阳,福景苑 ,194.05平米,,1210,62356,房本满五年,精装,中楼层(共25层),2002年建,福景苑,,-
朝阳,劲松四区 ,51.99平米,,296,56935,房本满五年,简装,顶层(共6层),1978年建,劲松四区,,-
朝阳,吕营嘉园C区 ,54.56平米,西 ,268,49121,房本满五年,简装,6层,2005年建,吕营嘉园C区,,-
朝阳,通惠家园 ,59.56平米,,350,58765,房本满五年,精装,低楼层(共28层),2001年建,通惠家园,,-
朝阳,世安家园 ,106.28平米,东,730,68687,房本满五年,毛坯,中楼层(共24层),2001年建,世安家园,,-
朝阳,后现代城C区 ,61.85平米,,420,67907,房本满五年,精装,低楼层(共28层),2007年建,后现代城C区,,-
朝阳,融域嘉园 ,73.88平米,南 ,660,89335,房本满五年,精装,底层(共15层),2006年建,融域嘉园,,-
朝阳,阳光上东 ,182.88平米,南 ,1790,97879,房本满五年,精装,低楼层(共7层),2005年建,阳光上东,,-
朝阳,通惠家园 ,89.47平米,南 ,510,57003,房本满五年,其他,顶层(共5层),2002年建,通惠家园,,-
朝阳,天翠园 ,110.81平米,西,780,70391,房本满五年,精装,低楼层(共15层),2006年建,天翠园,,-
朝阳,国美第一城3号院 ,107.79平米,东,640,59375,房本满五年,精装,高楼层(共26层),2007年建,国美第一城3号院,,-
朝阳,望馨花园 ,88.97平米,东,598,67214,房本满五年,简装,底层(共28层),2001年建,望馨花园,,-
朝阳,天翠园 ,123.24平米,东,799,64833,房本满五年,精装,底层(共15层),2006年建,天翠园,,-
朝阳,燕翔西里 ,85.68平米,南 ,360,42017,房本满五年,其他,中楼层(共5层),1996年建,燕翔西里,,-
朝阳,天居园 ,84.46平米,东 ,559,66186,房本满五年,精装,中楼层(共32层),2008年建,天居园,,-
朝阳,亚奥金茂悦 ,96.6平米,,785,81263,,精装,低楼层(共18层),2013年建,亚奥金茂悦,,-
朝阳,九龙花园 ,96.65平米,南 ,630,65184,,简装,中楼层(共14层),1998年建,九龙花园,,-
朝阳,远洋一方润园2号院 ,64.42平米,,360,55884,,精装,低楼层(共15层),2010年建,远洋一方润园2号院,,-
朝阳,天润福熙大道 ,73.33平米,,575,78413,,精装,低楼层(共27层),2011年建,天润福熙大道,,-
朝阳,百环花园 ,66.02平米,,365,55287,,简装,中楼层(共28层),2001年建,百环花园,,-
朝阳,伯宁花园 ,82.58平米,东 ,620,75079,,精装,高楼层(共18层),1996年建,伯宁花园,,-
朝阳,万科星园 ,138.11平米,西,1020,73855,,精装,高楼层(共28层),2004年建,万科星园,,-
朝阳,城锦苑 ,105.18平米,南 ,719,68360,,精装,中楼层(共7层),2014年建,城锦苑,,-
朝阳,朝阳无限 ,115.61平米,南 ,620,53629,,精装,底层(共23层),2004年建,朝阳无限,,-
朝阳,丽水嘉园 ,132.67平米,西,1070,80652,房本满五年,简装,中楼层(共27层),2004年建,丽水嘉园,,-
朝阳,首开常青藤三期 ,64.18平米,南 ,518,80711,房本满五年,精装,顶层(共6层),2013年建,首开常青藤三期,,-
朝阳,胜古南里 ,71.46平米,南 ,460,64372,房本满五年,简装,顶层(共4层),1962年建,胜古南里,,-
朝阳,晨曦园 ,104.93平米,,585,55752,房本满五年,精装,中楼层(共28层),1999年建,晨曦园,,-
朝阳,芍药居北里 ,94.18平米,南 ,710,75388,房本满五年,简装,中楼层(共26层),2008年建,芍药居北里,,-
朝阳,翠成馨园C区 ,104.99平米,,510,48577,房本满五年,精装,低楼层(共15层),2006年建,翠成馨园C区,,-
朝阳,富丽华园 ,156.74平米,西,1080,68904,房本满五年,精装,高楼层(共22层),2001年建,富丽华园,,-
朝阳,奥林匹克花园四期 ,125.25平米,南 ,818,65310,房本满五年,精装,低楼层(共10层),2009年建,奥林匹克花园四期,,-
朝阳,望兴居 ,90.29平米,东 ,570,63130,房本满五年,精装,中楼层(共6层),2000年建,望兴居,,-
朝阳,方舟苑一期 ,81.37平米,,536,65872,房本满五年,简装,低楼层(共22层),1998年建,方舟苑一期,,-
朝阳,劲松一区 ,59.69平米,南 ,380,63663,房本满五年,简装,低楼层(共12层),1979年建,劲松一区,,-
朝阳,北纬40度一期 ,84.67平米,,580,68502,房本满五年,精装,中楼层(共11层),2008年建,北纬40度一期,,-
朝阳,望京西园三区 ,101.99平米,东,643,63046,房本满五年,精装,底层(共28层),2000年建,望京西园三区,,-
朝阳,北京香颂 ,204.25平米,南 ,1650,80784,房本满五年,简装,中楼层(共8层),2007年建,北京香颂,,-
朝阳,弘善家园 ,75.53平米,东,385,50974,房本满五年,简装,中楼层(共28层),2009年建,弘善家园,,-
朝阳,北纬40度二期 ,70.86平米,,560,79030,房本满五年,精装,低楼层(共25层),2009年建,北纬40度二期,,-
朝阳,兴隆家园 ,66.1平米,东,405,61271,房本满五年,简装,中楼层(共24层),2001年建,兴隆家园,,-
朝阳,电子城小区 ,69.21平米,东 ,390,56351,房本满五年,简装,低楼层(共25层),2001年建,电子城小区,,-
朝阳,华业玫瑰郡 ,103.33平米,南 ,780,75487,房本满五年,精装,高楼层(共14层),2008年建,华业玫瑰郡,,-
朝阳,澳洲康都 ,191.9平米,南 ,1430,74518,房本满五年,精装,低楼层(共28层),2006年建,澳洲康都,,-
朝阳,朝阳新城一区 ,113.72平米,南 ,520,45727,房本满五年,简装,中楼层(共6层),2004年建,朝阳新城一区,,-
朝阳,华威西里 ,63.8平米,西,398,62383,房本满五年,简装,中楼层(共22层),1990年建,华威西里,,-
朝阳,华威西里 ,75.27平米,南 ,408,54205,房本满五年,简装,中楼层(共6层),1994年建,华威西里,,-
朝阳,潘家园南里 ,71.4平米,南 ,445,62325,房本满五年,简装,中楼层(共5层),1980年建,潘家园南里,,-
朝阳,潘家园东里 ,73.49平米,西,415,56471,房本满五年,精装,低楼层(共18层),2001年建,潘家园东里,,-
朝阳,金隅景和园 ,69.96平米,,330,47170,房本满五年,简装,底层(共21层),2011年建,金隅景和园,,-
朝阳,百环家园 ,139.6平米,西,775,55516,,精装,中楼层(共28层),2005年建,百环家园,,-
朝阳,金泰先锋北区 ,131.28平米,南 西 ,925,70461,,精装,低楼层(共18层),2008年建,金泰先锋北区,,-
朝阳,百环花园 ,121.75平米,,620,50925,,简装,中楼层(共28层),2001年建,百环花园,,-
朝阳,苹果派 ,81.57平米,,485,59459,,精装,底层(共12层),2007年建,苹果派,,-
朝阳,奥林匹克花园一期 ,145.16平米,南 ,899,61932,房本满五年,简装,中楼层(共6层),2003年建,奥林匹克花园一期,,-
朝阳,柏阳景园 ,102.29平米,南 ,470,45948,房本满五年,精装,中楼层(共5层),2005年建,柏阳景园,,-
朝阳,上东上层 ,91.95平米,南 ,409,44481,房本满五年,简装,顶层(共5层),2004年建,上东上层,,-
朝阳,三间房南里4号院 ,91.21平米,,380,41663,房本满五年,毛坯,顶层(共3层),1958年建,三间房南里4号院,,-
朝阳,棕榈泉国际公寓 ,190.45平米,东 南 ,1720,90313,房本满五年,精装,低楼层(共27层),2004年建,棕榈泉国际公寓,,-
朝阳,惠新苑 ,152.89平米,东,970,63445,房本满五年,简装,高楼层(共13层),2000年建,惠新苑,,-
朝阳,季景沁园 ,68.58平米,西,580,84573,房本满五年,精装,高楼层(共26层),2006年建,季景沁园,,-
朝阳,太阳公元 ,162.52平米,南 ,2380,146444,房本满五年,精装,中楼层(共25层),2011年建,太阳公元,,-
朝阳,万达大湖公馆 ,247.13平米,南 ,1800,72837,房本满五年,精装,高楼层(共23层),2008年建,万达大湖公馆,,-
朝阳,翌景嘉园 ,171.37平米,东,798,46566,房本满五年,精装,低楼层(共28层),2002年建,翌景嘉园,,-
朝阳,星河湾 ,293.05平米,南 ,2800,95547,房本满五年,其他,底层(共30层),2006年建,星河湾,,-
朝阳,劲松八区 ,58.22平米,东 ,320,54964,房本满五年,精装,顶层(共6层),1983年建,劲松八区,,-
朝阳,澳洲康都 ,65.36平米,,520,79560,房本满五年,精装,低楼层(共28层),2005年建,澳洲康都,,-
朝阳,奥林匹克花园一期 ,163.52平米,南 ,1017,62195,房本满五年,精装,低楼层(共8层),2003年建,奥林匹克花园一期,,-
朝阳,SOHO现代城 ,260.44平米,,1060,40701,房本满五年,精装,高楼层(共36层),2001年建,SOHO现代城,,-
朝阳,公园五号 ,507.73平米,南 ,4700,92569,房本满五年,精装,高楼层(共15层),2011年建,公园五号,,-
朝阳,大成国际 ,116.19平米,西,550,47337,房本满五年,精装,低楼层(共21层),2007年建,大成国际,,-
朝阳,福景苑 ,79.05平米,,590,74637,房本满五年,简装,低楼层(共25层),2002年建,福景苑,,-
朝阳,南十里居10号院 ,54.04平米,东,305,56440,房本满五年,精装,顶层(共5层),1992年建,南十里居10号院,,-
朝阳,黄金苑 ,88.13平米,东 ,455,51629,房本满五年,简装,底层(共6层),1999年建,黄金苑,,-
朝阳,天居园 ,109.51平米,东南 ,645,58899,房本满五年,精装,低楼层(共32层),2008年建,天居园,,-
朝阳,花家地南里 ,99.91平米,南 ,570,57052,房本满五年,精装,中楼层(共8层),2000年建,花家地南里,,-
朝阳,东泽园 ,73.66平米,,358,48602,,简装,低楼层(共21层),2012年建,东泽园,,-
朝阳,宝星国际三期 ,161.29平米,南 ,1230,76261,,精装,低楼层(共16层),2010年建,宝星国际三期,,-
朝阳,华威北里 ,74.8平米,西,440,58824,,简装,中楼层(共18层),1993年建,华威北里,,-
朝阳,高杨树北里 ,56.05平米,南 ,345,61553,,简装,中楼层(共5层),1979年建,高杨树北里,,-
朝阳,东泽园 ,84.56平米,,422,49906,,精装,中楼层(共21层),2012年建,东泽园,,-
朝阳,弘善家园 ,42.64平米,,260,60976,,毛坯,中楼层(共28层),2009年建,弘善家园,,-
朝阳,秀水园 ,70.72平米,东 ,460,65046,,简装,中楼层(共14层),1996年建,秀水园,,-
朝阳,九号公寓 ,151.19平米,南 ,1150,76064,,精装,中楼层(共10层),2008年建,九号公寓,,-
朝阳,保利金泉 ,148.71平米,东 西,1180,79350,房本满五年,精装,高楼层(共28层),2008年建,保利金泉,,-
朝阳,光熙家园一期 ,59.53平米,,445,74753,房本满五年,精装,中楼层(共22层),2006年建,光熙家园一期,,-
朝阳,林奥嘉园 ,140.89平米,南 ,1000,70978,房本满五年,毛坯,中楼层(共27层),2015年建,林奥嘉园,,-
朝阳,天居园 ,74.52平米,,521,69915,房本满五年,精装,高楼层(共32层),2008年建,天居园,,-
朝阳,新街坊 ,50.53平米,,333,65902,房本满五年,精装,中楼层(共18层),2004年建,新街坊,,-
朝阳,后现代城B区 ,46.39平米,,340,73292,房本满五年,精装,18层,2004年建,后现代城B区,,-
朝阳,艺水芳园 ,60.25平米,,318,52781,房本满五年,精装,低楼层(共17层),2005年建,艺水芳园,,-
朝阳,康静里 ,61平米,南 ,310,50820,房本满五年,简装,底层(共6层),1994年建,康静里,,-
朝阳,美然动力A1区 ,75.88平米,,418,55087,房本满五年,简装,14层,2004年建,美然动力A1区,,-
朝阳,百环花园 ,62.61平米,,330,52708,房本满五年,简装,高楼层(共28层),2001年建,百环花园,,-
朝阳,圣馨大地 ,66.11平米,,415,62775,房本满五年,精装,低楼层(共29层),2001年建,圣馨大地,,-
朝阳,首开常青藤四期 ,65.14平米,南 ,520,79829,房本满五年,精装,顶层(共6层),2013年建,首开常青藤四期,,-
朝阳,望京新城 ,96.32平米,东,630,65407,房本满五年,简装,高楼层(共31层),1998年建,望京新城,,-
朝阳,甘露家园 ,69.47平米,南 ,375,53981,房本满五年,简装,高楼层(共6层),1995年建,甘露家园,,-
朝阳,朝阳新城四区 ,89.85平米,,445,49527,房本满五年,精装,低楼层(共22层),2015年建,朝阳新城四区,,-
朝阳,松榆里 ,44.32平米,,290,65434,房本满五年,简装,中楼层(共6层),1991年建,松榆里,,-
朝阳,安华里社区 ,80.74平米,东,600,74313,房本满五年,简装,中楼层(共13层),1992年建,安华里社区,,-
朝阳,首城国际D区 ,91.01平米,南 ,849,93287,房本满五年,精装,底层(共28层),2010年建,首城国际D区,,-
朝阳,甜水园东里 ,34.22平米,东 ,246.4,71999,房本满五年,精装,底层(共6层),1987年建,甜水园东里,,-
朝阳,首开常青藤四期 ,90.2平米,南 ,726,80488,房本满五年,精装,低楼层(共6层),2013年建,首开常青藤四期,,-
朝阳,非常生活 ,69.01平米,东,510,73903,,精装,中楼层(共23层),2004年建,非常生活,,-
朝阳,拂林园 ,153.81平米,南 ,880,57214,,精装,中楼层(共24层),2004年建,拂林园,,-
朝阳,黄寺大街28号院 ,56.05平米,,580,103480,,精装,中楼层(共15层),1989年建,黄寺大街28号院,,-
朝阳,北沙滩6号院 ,64.85平米,东 ,450,69391,,精装,顶层(共7层),1992年建,北沙滩6号院,,-
朝阳,金泰先锋北区 ,70.47平米,西,510,72372,,精装,低楼层(共15层),2008年建,金泰先锋北区,,-
朝阳,双井东院 ,49.47平米,,328,66303,,精装,低楼层(共14层),1989年建,双井东院,,-
朝阳,和乔丽晶一期 ,167.66平米,南 东 北 ,980,58452,,简装,中楼层(共10层),2000年建,和乔丽晶一期,,-
朝阳,水碓子东路 ,60.75平米,南 ,368,60577,,精装,顶层(共6层),1980年建,水碓子东路,,-
朝阳,奥林匹克花园四期 ,139.72平米,南 ,860,61552,,精装,低楼层(共10层),2009年建,奥林匹克花园四期,,-
朝阳,团结湖路 ,65.89平米,东 ,410,62225,,简装,高楼层(共6层),1980年建,团结湖路,,-
朝阳,都城心屿 ,137.55平米,南 ,1050,76336,房本满五年,精装,24层,2008年建,都城心屿,,-
朝阳,东泽园 ,90.39平米,东 南 ,449,49674,房本满五年,精装,中楼层(共21层),2011年建,东泽园,,-
朝阳,澳洲康都 ,92.02平米,西,742,80635,房本满五年,其他,低楼层(共28层),2005年建,澳洲康都,,-
朝阳,朝阳新城三区 ,89.32平米,东 ,399,44671,房本满五年,精装,高楼层(共6层),2004年建,朝阳新城三区,,-
朝阳,潘家园南里 ,82.46平米,南 ,480,58211,房本满五年,简装,顶层(共6层),1993年建,潘家园南里,,-
朝阳,首开常青藤四期 ,85.17平米,南 ,630,73970,房本满五年,精装,高楼层(共6层),2013年建,首开常青藤四期,,-
朝阳,劲松南路 ,81.03平米,西,399,49242,房本满五年,简装,顶层(共18层),1993年建,劲松南路,,-
朝阳,南沙滩小区 ,39.54平米,,299,75620,房本满五年,简装,低楼层(共6层),1984年建,南沙滩小区,,-
朝阳,金福家园 ,109.77平米,东 南 ,459,41815,房本满五年,简装,低楼层(共18层),2000年建,金福家园,,-
朝阳,定福景园 ,173.85平米,南 ,800,46017,房本满五年,精装,中楼层(共10层),2006年建,定福景园,,-
朝阳,万科星园 ,96.87平米,西,759,78353,房本满五年,精装,低楼层(共28层),2004年建,万科星园,,-
朝阳,臻园 ,89.42平米,南 ,850,95058,房本满五年,精装,高楼层(共18层),2014年建,臻园,,-
朝阳,主场 ,62.08平米,,500,80542,房本满五年,精装,高楼层(共24层),2007年建,主场,,-
朝阳,金都杭城西区 ,151.67平米,东 南 ,970,63955,房本满五年,精装,中楼层(共17层),2006年建,金都杭城西区,,-
朝阳,鼓楼外大街 ,49.97平米,,380,76046,房本满五年,其他,顶层(共6层),1991年建,鼓楼外大街,,-
朝阳,苹果派 ,77.96平米,,498,63879,房本满五年,简装,低楼层(共12层),2007年建,苹果派,,-
朝阳,安华西里社区 ,65.22平米,南 ,600,91997,房本满五年,精装,中楼层(共16层),1992年建,安华西里社区,,-
朝阳,首都机场南路西里 ,52.19平米,,200,38322,房本满五年,其他,顶层(共5层),1970年建,首都机场南路西里,,-
朝阳,安华西里社区 ,41.96平米,,340,81030,房本满五年,精装,顶层(共6层),1985年建,安华西里社区,,-
朝阳,三里屯东 ,60.19平米,东 ,399,66291,,精装,高楼层(共6层),1986年建,三里屯东,,-
朝阳,阳光上东 ,225.51平米,南 ,2050,90906,,精装,低楼层(共9层),2008年建,阳光上东,,-
朝阳,吕营嘉园A区 ,87.86平米,南 ,400,45527,,精装,6层,2003年建,吕营嘉园A区,,-
朝阳,静安东里 ,55.51平米,南 ,300,54045,,简装,地下室(共6层),1992年建,静安东里,,-
朝阳,观音景园一期 ,125.15平米,南 ,484.5,38714,,简装,顶层(共6层),2003年建,观音景园一期,,-
朝阳,海棠公社 ,149.37平米,南 ,699,46797,,精装,低楼层(共11层),2010年建,海棠公社,,-
朝阳,红庙北里 ,42.98平米,东 ,316,73523,,精装,底层(共6层),1980年建,红庙北里,,-
朝阳,上元君庭 ,110.11平米,,650,59032,,精装,低楼层(共32层),2008年建,上元君庭,,-
朝阳,秀水园 ,44.64平米,西,350,78406,,简装,中楼层(共18层),1993年建,秀水园,,-
朝阳,劲松南路 ,81.03平米,东,438,54055,,简装,中楼层(共18层),1994年建,劲松南路,,-
朝阳,潘家园东里 ,65.77平米,东 南 ,445,67661,,精装,高楼层(共18层),1995年建,潘家园东里,,-
朝阳,新源西里东街 ,32.62平米,,290,88903,房本满五年,简装,底层(共5层),1983年建,新源西里东街,,-
朝阳,小关北里24号院 ,54.41平米,,365,67084,房本满五年,精装,底层(共17层),1987年建,小关北里24号院,,-
朝阳,北苑家园茉藜园 ,65.79平米,东,375,57000,房本满五年,简装,低楼层(共26层),2004年建,北苑家园茉藜园,,-
朝阳,住欣家园 ,70.86平米,南 ,305,43043,房本满五年,精装,中楼层(共22层),2010年建,住欣家园,,-
朝阳,星河湾 ,308.71平米,南 ,2600,84222,房本满五年,精装,低楼层(共15层),2006年建,星河湾,,-
朝阳,珠江罗马嘉园西区 ,108.5平米,,800,73733,房本满五年,精装,中楼层(共17层),2004年建,珠江罗马嘉园西区,,-
朝阳,沿海赛洛城二期 ,79.84平米,南 ,678,84920,房本满五年,其他,顶层(共8层),2007年建,沿海赛洛城二期,,-
朝阳,上东上层 ,86.23平米,东,405,46968,房本满五年,精装,底层(共12层),2004年建,上东上层,,-
朝阳,沿海赛洛城五期 ,92.28平米,西,595,64478,房本满五年,精装,低楼层(共25层),2008年建,沿海赛洛城五期,,-
朝阳,观音景园一期 ,125.15平米,南 ,560,44747,房本满五年,精装,顶层(共6层),2003年建,观音景园一期,,-
朝阳,光熙门北里 ,62.05平米,,470,75746,房本满五年,精装,中楼层(共22层),1989年建,光熙门北里,,-
朝阳,康堡花园 ,130.63平米,,1088,83289,房本满五年,精装,低楼层(共20层),2003年建,康堡花园,,-
朝阳,潘家园南里 ,61.65平米,南 ,350,56773,房本满五年,精装,高楼层(共15层),1980年建,潘家园南里,,-
朝阳,福景苑 ,194.05平米,,1350,69570,房本满五年,精装,中楼层(共25层),2002年建,福景苑,,-
朝阳,紫东苑 ,126.99平米,东,778,61265,房本满五年,精装,高楼层(共22层),2001年建,紫东苑,,-
朝阳,东架松 ,64.64平米,南 ,405,62655,房本满五年,简装,中楼层(共6层),1986年建,东架松,,-
朝阳,福怡苑 ,87.88平米,东 南 ,400,45517,房本满五年,简装,顶层(共6层),2000年建,福怡苑,,-
朝阳,惠新东街14号院 ,82.22平米,南 ,640,77840,房本满五年,精装,高楼层(共6层),1992年建,惠新东街14号院,,-
朝阳,晨光家园 ,72.1平米,,405,56172,房本满五年,简装,低楼层(共28层),1999年建,晨光家园,,-
朝阳,广和里七巷 ,80.25平米,南 ,463,57695,房本满五年,简装,顶层(共6层),1986年建,广和里七巷,,-
朝阳,高杨树北里 ,71平米,南 ,345,48592,房本满五年,简装,顶层(共6层),1995年建,高杨树北里,,-
朝阳,劲松二区 ,56.92平米,,380,66761,,精装,低楼层(共12层),1979年建,劲松二区,,-
朝阳,汇鸿家园 ,74.09平米,西,399,53854,,简装,低楼层(共18层),2005年建,汇鸿家园,,-
朝阳,吉祥里 ,41.47平米,,360,86810,,精装,底层(共6层),1993年建,吉祥里,,-
朝阳,观湖国际 ,189.04平米,南 ,1800,95218,,精装,中楼层(共26层),2006年建,观湖国际,,-
朝阳,夏都盈座 ,162.33平米,南 ,1100,67764,,精装,中楼层(共21层),2003年建,夏都盈座,,-
朝阳,天鹅湾北区 ,195.06平米,,1590,81514,,精装,顶层(共18层),2007年建,天鹅湾北区,,-
朝阳,万达广场公寓 ,61.9平米,东 ,500,80776,,简装,高楼层(共27层),2005年建,万达广场公寓,,-
朝阳,定福庄西街 ,50.35平米,南 ,283,56207,,精装,高楼层(共18层),1999年建,定福庄西街,,-
朝阳,珊瑚湾 ,154.98平米,南 ,1070,69042,,精装,低楼层(共20层),2008年建,珊瑚湾,,-
朝阳,华威北里 ,54.23平米,,315,58086,房本满五年,简装,顶层(共6层),1990年建,华威北里,,-
朝阳,首开常青藤三期 ,83.56平米,东 南 ,620,74199,房本满五年,其他,高楼层(共6层),2013年建,首开常青藤三期,,-
朝阳,主场 ,62.08平米,,500,80542,房本满五年,精装,中楼层(共24层),2007年建,主场,,-
朝阳,秀水园 ,69.26平米,西,425,61363,房本满五年,简装,顶层(共12层),1994年建,秀水园,,-
朝阳,壹线国际 ,74.38平米,,398,53510,房本满五年,简装,底层(共9层),2006年建,壹线国际,,-
朝阳,乐澜宝邸 ,180.31平米,南 ,1020,56570,房本满五年,其他,底层(共28层),2003年建,乐澜宝邸,,-
朝阳,富力又一城A区 ,115.34平米,南 ,575,49853,房本满五年,精装,低楼层(共22层),2005年建,富力又一城A区,,-
朝阳,丽都壹号 ,135.38平米,南 ,1000,73867,房本满五年,精装,中楼层(共22层),2012年建,丽都壹号,,-
朝阳,富力阳光美园 ,88.85平米,南 ,490,55150,房本满五年,简装,22层,2010年建,富力阳光美园,,-
朝阳,梵谷水郡 ,90.17平米,东 东,515,57115,房本满五年,精装,高楼层(共24层),2008年建,梵谷水郡,,-
朝阳,东领鉴筑 ,97.79平米,,485,49597,房本满五年,其他,中楼层(共7层),2005年建,东领鉴筑,,-
朝阳,八里庄新区 ,125.62平米,南 ,750,59704,房本满五年,简装,顶层(共6层),1999年建,八里庄新区,,-
朝阳,国美第一城3号院 ,88.94平米,东,540,60716,房本满五年,简装,高楼层(共27层),2007年建,国美第一城3号院,,-
朝阳,百子湾家园一区 ,62.26平米,,350,56216,房本满五年,简装,低楼层(共21层),2006年建,百子湾家园一区,,-
朝阳,双惠小区 ,80.36平米,南 ,405,50399,房本满五年,精装,顶层(共6层),2004年建,双惠小区,,-
朝阳,武圣西里 ,44.01平米,,258,58624,房本满五年,简装,底层(共6层),1978年建,武圣西里,,-
朝阳,红玺台 ,309.54平米,东 南 ,4300,138916,房本满五年,精装,中楼层(共24层),2011年建,红玺台,,-
朝阳,博雅国际 ,101.38平米,西,520,51293,房本满五年,精装,高楼层(共26层),2005年建,博雅国际,,-
朝阳,建外SOHO ,475.12平米,西,2400,50514,,精装,顶层(共23层),2003年建,建外SOHO,,-
朝阳,金茂府北区 ,391.39平米,南 ,5700,145635,,精装,中楼层(共17层),2012年建,金茂府北区,,-
朝阳,望花路西里 ,60.13平米,南 ,380,63197,,其他,高楼层(共6层),1982年建,望花路西里,,-
朝阳,望京西园三区 ,82.39平米,,560,67970,,精装,中楼层(共28层),2000年建,望京西园三区,,-
朝阳,宝星国际二期 ,279.64平米,南 ,1650,59005,,精装,顶层(共25层),2006年建,宝星国际二期,,-
朝阳,万象新天一区 ,215.85平米,南 ,1229,56938,,其他,中楼层(共4层),2004年建,万象新天一区,,-
朝阳,方丹苑 ,123.08平米,,880,71499,,精装,高楼层(共22层),2002年建,方丹苑,,-
朝阳,中海城圣朝菲 ,224.81平米,南 ,1600,71172,,精装,底层(共8层),2009年建,中海城圣朝菲,,-
朝阳,左家庄西街 ,112.13平米,东 ,580,51726,,简装,高楼层(共7层),1992年建,左家庄西街,,-
朝阳,柏阳景园 ,200.54平米,南 ,690,34408,,精装,高楼层(共6层),2005年建,柏阳景园,,-
朝阳,山水文园三期 ,222.6平米,南 ,1860,83558,,精装,高楼层(共12层),2006年建,山水文园三期,,-
朝阳,华鼎世家 ,296.57平米,东南 西,1880,63392,,简装,中楼层(共14层),2002年建,华鼎世家,,-
朝阳,安华里社区 ,43.94平米,,320,72827,房本满五年,简装,底层(共14层),1989年建,安华里社区,,-
朝阳,沿海赛洛城七期 ,52.08平米,,340,65285,房本满五年,精装,中楼层(共22层),2009年建,沿海赛洛城七期,,-
朝阳,周庄嘉园东里B区 ,89.9平米,南 ,558,62069,房本满五年,精装,中楼层(共6层),2003年建,周庄嘉园东里B区,,-
朝阳,建外SOHO ,130.51平米,东,680,52104,房本满五年,精装,低楼层(共31层),2003年建,建外SOHO,,-
朝阳,金都杭城西区 ,148.93平米,南 北 ,1050,70503,房本满五年,精装,高楼层(共20层),2006年建,金都杭城西区,,-
朝阳,华腾园 ,129.54平米,东南 ,740,57126,房本满五年,简装,中楼层(共28层),2000年建,华腾园,,-
朝阳,亚运花园 ,108.14平米,东,715,66118,房本满五年,其他,中楼层(共18层),1996年建,亚运花园,,-
朝阳,翠成馨园A区 ,71.35平米,东 ,330,46251,房本满五年,简装,底层(共6层),2003年建,翠成馨园A区,,-
朝阳,安贞西里 ,77.19平米,南 ,720,93277,房本满五年,简装,高楼层(共6层),1984年建,安贞西里,,-
朝阳,康家园 ,61.13平米,南 ,380,62163,房本满五年,精装,高楼层(共6层),1994年建,康家园,,-
朝阳,国美第一城3号院 ,94.46平米,,560,59285,房本满五年,其他,低楼层(共27层),2007年建,国美第一城3号院,,-
朝阳,雅成一里 ,86.7平米,,459,52942,房本满五年,精装,高楼层(共25层),2001年建,雅成一里,,-
朝阳,东大桥路 ,57.79平米,西,520,89981,房本满五年,精装,中楼层(共17层),1989年建,东大桥路,,-
朝阳,瑞和国际 ,103.46平米,,450,43496,房本满五年,其他,低楼层(共21层),2000年建,瑞和国际,,-
朝阳,光华里社区 ,52.65平米,,410,77873,房本满五年,简装,低楼层(共12层),1990年建,光华里社区,,-
朝阳,名苑雅居 ,113.04平米,西,930,82272,房本满五年,精装,低楼层(共14层),2005年建,名苑雅居,,-
朝阳,住欣家园 ,49.47平米,,239,48313,房本满五年,精装,中楼层(共26层),2010年建,住欣家园,,-
朝阳,沿海赛洛城一期 ,59.38平米,,388,65342,房本满五年,精装,低楼层(共8层),2007年建,沿海赛洛城一期,,-
朝阳,世安家园 ,154.78平米,南 西,930,60086,房本满五年,精装,中楼层(共22层),2004年建,世安家园,,-
朝阳,欧陆经典 ,163.68平米,南 ,1220,74536,房本满五年,精装,底层(共14层),2000年建,欧陆经典,,-
朝阳,欧陆经典 ,137.11平米,西,1100,80228,房本满五年,精装,低楼层(共26层),2000年建,欧陆经典,,-
朝阳,润泽悦溪 ,86.41平米,东 ,782,90499,房本满五年,精装,底层(共11层),2010年建,润泽悦溪,,-
朝阳,阳光上东 ,172.43平米,南 ,1250,72494,房本满五年,精装,低楼层(共24层),2008年建,阳光上东,,-
朝阳,南湖东园一区 ,96.5平米,西,520,53887,房本满五年,简装,低楼层(共28层),1998年建,南湖东园一区,,-
朝阳,安慧东里 ,112.46平米,东,780,69358,,简装,中楼层(共22层),2000年建,安慧东里,,-
朝阳,望京明苑 ,139.98平米,南 西 ,736,52579,,简装,中楼层(共28层),2001年建,望京明苑,,-
朝阳,金星园 ,245.52平米,西,1600,65168,,精装,中楼层(共28层),2007年建,金星园,,-
朝阳,观音惠园 ,89.31平米,南 ,415,46468,,精装,高楼层(共6层),2007年建,观音惠园,,-
朝阳,澳景花庭 ,148.09平米,南 ,1030,69553,,精装,低楼层(共14层),2006年建,澳景花庭,,-
朝阳,金星园 ,165.3平米,东,1320,79855,,精装,底层(共12层),2004年建,金星园,,-
朝阳,望京新城 ,127.1平米,东,635,49961,房本满五年,简装,底层(共27层),1997年建,望京新城,,-
朝阳,金茂府东区 ,201.27平米,南 ,2060,102351,房本满五年,精装,高楼层(共24层),2013年建,金茂府东区,,-
朝阳,幸福公寓 ,136.54平米,东 ,850,62253,房本满五年,简装,低楼层(共16层),1997年建,幸福公寓,,-
朝阳,珠江帝景 ,124.41平米,南 ,1028,82631,房本满五年,精装,低楼层(共26层),2004年建,珠江帝景,,-
朝阳,金地国际花园 ,198.98平米,东南 西,1798,90361,房本满五年,精装,低楼层(共33层),2004年建,金地国际花园,,-
朝阳,阳光上东 ,156.41平米,南 ,1280,81837,房本满五年,精装,中楼层(共9层),2006年建,阳光上东,,-
朝阳,朝阳园 ,177.45平米,,975,54946,房本满五年,精装,低楼层(共29层),2003年建,朝阳园,,-
朝阳,望京路4号院 ,98.26平米,东南 ,578,58824,房本满五年,简装,顶层(共14层),1999年建,望京路4号院,,-
朝阳,嘉多丽园 ,117.01平米,东,580,49569,房本满五年,简装,高楼层(共25层),2002年建,嘉多丽园,,-
朝阳,华威西里 ,50.72平米,,315,62106,房本满五年,简装,中楼层(共18层),1998年建,华威西里,,-
朝阳,水碓子东里 ,57.3平米,南 ,410,71554,房本满五年,简装,底层(共6层),1984年建,水碓子东里,,-
朝阳,保利中央公园 ,88.82平米,南 ,1120,126098,房本满五年,精装,低楼层(共18层),2012年建,保利中央公园,,-
朝阳,银谷美泉家园 ,145.79平米,南 ,1100,75451,房本满五年,毛坯,中楼层(共7层),2010年建,银谷美泉家园,,-
朝阳,融科橄榄城三期 ,299.69平米,南 西 ,2450,81752,房本满五年,精装,中楼层(共18层),2009年建,融科橄榄城三期,,-
朝阳,融科橄榄城三期 ,167.12平米,南 ,1460,87363,房本满五年,精装,中楼层(共24层),2009年建,融科橄榄城三期,,-
朝阳,季景沁园 ,141.05平米,南 ,1160,82241,房本满五年,精装,低楼层(共26层),2006年建,季景沁园,,-
朝阳,北苑家园清友园 ,94.76平米,西,470,49599,房本满五年,简装,顶层(共25层),2002年建,北苑家园清友园,,-
朝阳,通惠家园 ,118.2平米,南 西 ,560,47378,房本满五年,简装,低楼层(共28层),2001年建,通惠家园,,-
朝阳,三空间 ,156.95平米,南 ,1230,78369,房本满五年,简装,中楼层(共15层),2005年建,三空间,,-
朝阳,光熙家园一期 ,134.51平米,南 ,1220,90700,房本满五年,精装,高楼层(共22层),2006年建,光熙家园一期,,-
朝阳,中广宜景湾 ,107.86平米,东,780,72316,房本满五年,简装,中楼层(共26层),2008年建,中广宜景湾,,-
朝阳,华亭嘉园 ,143.99平米,,900,62505,房本满五年,简装,32层,2000年建,华亭嘉园,,-
朝阳,阳光上东 ,283.33平米,东 南 ,1980,69884,房本满五年,精装,低楼层(共8层),2006年建,阳光上东,,-
朝阳,首开龙湖天璞 ,132.12平米,南 ,1180,89313,,精装,中楼层(共11层),2017年建,首开龙湖天璞,,-
朝阳,季景沁园 ,195.2平米,南 ,1480,75820,,精装,底层(共28层),2007年建,季景沁园,,-
朝阳,望京花园东区 ,129.26平米,东,975,75430,,简装,低楼层(共27层),2002年建,望京花园东区,,-
朝阳,城市绿洲花园 ,186.16平米,南 ,998,53610,,简装,高楼层(共9层),2005年建,城市绿洲花园,,-
朝阳,日坛国际公寓 ,91.75平米,,595,64851,,精装,低楼层(共18层),2009年建,日坛国际公寓,,-
朝阳,时间国际 ,189.92平米,南 ,1365,71873,,简装,高楼层(共18层),2005年建,时间国际,,-
朝阳,首城国际A区 ,162.08平米,南 ,1450,89462,,毛坯,中楼层(共18层),2010年建,首城国际A区,,-
朝阳,金泰先锋北区 ,191.82平米,南 ,1369,71369,房本满五年,精装,中楼层(共10层),2010年建,金泰先锋北区,,-
朝阳,成苑公寓 ,170.57平米,南 ,1130,66249,房本满五年,简装,高楼层(共6层),1995年建,成苑公寓,,-
朝阳,曙光里 ,61.11平米,东,378,61856,房本满五年,毛坯,顶层(共6层),1993年建,曙光里,,-
朝阳,大西洋新城A区 ,127.56平米,南 ,990,77611,房本满五年,简装,中楼层(共6层),1999年建,大西洋新城A区,,-
朝阳,远洋天地三期 ,153.06平米,西南 东,915,59781,房本满五年,简装,高楼层(共23层),2004年建,远洋天地三期,,-
朝阳,丽都水岸 ,196.54平米,南 ,1620,82426,房本满五年,精装,中楼层(共20层),2005年建,丽都水岸,,-
朝阳,金隅丽港城 ,133.39平米,南 ,1150,86214,房本满五年,精装,顶层(共9层),2004年建,金隅丽港城,,-
朝阳,英特公寓 ,380.96平米,南 ,2480,65099,房本满五年,毛坯,顶层(共19层),2002年建,英特公寓,,-
朝阳,定福庄北里2号院 ,77.89平米,南 ,360,46220,房本满五年,毛坯,顶层(共5层),1984年建,定福庄北里2号院,,-
朝阳,太阳国际公馆 ,200.03平米,南 ,1490,74489,房本满五年,精装,低楼层(共20层),2003年建,太阳国际公馆,,-
朝阳,翠成馨园E区 ,96.92平米,东 南 ,408,42097,房本满五年,精装,高楼层(共28层),2011年建,翠成馨园E区,,-
朝阳,定福家园2号院 ,120.2平米,南 ,570,47421,房本满五年,毛坯,中楼层(共16层),2006年建,定福家园2号院,,-
朝阳,国风上观 ,173.12平米,南 ,1449,83700,房本满五年,毛坯,低楼层(共27层),2009年建,国风上观,,-
朝阳,世华泊郡 ,130.91平米,南 西 ,1100,84028,房本满五年,毛坯,高楼层(共27层),2012年建,世华泊郡,,-
朝阳,万象新天四区 ,130.91平米,南 ,660,50417,房本满五年,简装,低楼层(共17层),2006年建,万象新天四区,,-
朝阳,中海城圣朝菲 ,135.21平米,南 ,880,65084,房本满五年,简装,高楼层(共7层),2009年建,中海城圣朝菲,,-
朝阳,首开幸福广场 ,133.57平米,,1150,86098,房本满五年,精装,中楼层(共27层),2007年建,首开幸福广场,,-
朝阳,畅清园 ,82.01平米,南 ,538,65602,房本满五年,简装,中楼层(共7层),2001年建,畅清园,,-
朝阳,朝阳园 ,86.32平米,西,520,60241,房本满五年,精装,中楼层(共31层),2000年建,朝阳园,,-
朝阳,富力又一城C区 ,88.65平米,东,500,56402,房本满五年,精装,低楼层(共23层),2011年建,富力又一城C区,,-
朝阳,芍药居1号院 ,114.37平米,南 ,970,84813,房本满五年,精装,低楼层(共14层),1997年建,芍药居1号院,,-
朝阳,金港国际 ,184.76平米,南 ,1250,67656,房本满五年,精装,低楼层(共16层),2004年建,金港国际,,-
朝阳,富力城D区 ,120.72平米,东,1260,104374,房本满五年,精装,中楼层(共16层),2005年建,富力城D区,,-
朝阳,天乐园 ,151.78平米,南 ,1190,78403,,简装,顶层(共11层),2004年建,天乐园,,-
朝阳,爱这城二期 ,161.55平米,南 ,1150,71186,,精装,低楼层(共18层),2008年建,爱这城二期,,-
朝阳,朝阳无限 ,147.1平米,南 ,735,49967,,简装,高楼层(共14层),2003年建,朝阳无限,,-
朝阳,芳林苑 ,161.04平米,东,880,54645,,精装,中楼层(共22层),2001年建,芳林苑,,-
朝阳,观筑庭园 ,110.32平米,东,529,47952,,精装,中楼层(共10层),2004年建,观筑庭园,,-
朝阳,定福庄西街 ,77.46平米,南 西 ,399,51511,,其他,中楼层(共6层),1986年建,定福庄西街,,-
朝阳,雅成一里 ,117.69平米,南 ,550,46733,,简装,高楼层(共25层),2001年建,雅成一里,,-
朝阳,安华里社区 ,71.78平米,南 ,606,84425,房本满五年,精装,低楼层(共18层),1987年建,安华里社区,,-
朝阳,富力又一城C区 ,87.04平米,,525,60318,房本满五年,精装,中楼层(共18层),2010年建,富力又一城C区,,-
朝阳,白家庄东里 ,85.86平米,南 ,635,73958,房本满五年,简装,低楼层(共16层),1998年建,白家庄东里,,-
朝阳,上东上层 ,108.68平米,南 ,485,44627,房本满五年,精装,中楼层(共6层),2007年建,上东上层,,-
朝阳,世纪龙祥嘉园 ,156.5平米,南 ,799,51055,房本满五年,简装,高楼层(共11层),2003年建,世纪龙祥嘉园,,-
朝阳,华亭嘉园 ,134.17平米,东,860,64098,房本满五年,精装,低楼层(共32层),2000年建,华亭嘉园,,-
朝阳,朝阳雅筑 ,103.13平米,西南 ,600,58179,房本满五年,简装,高楼层(共24层),2006年建,朝阳雅筑,,-
朝阳,银领国际 ,113.15平米,南 ,695,61423,房本满五年,精装,低楼层(共26层),2003年建,银领国际,,-
朝阳,通惠家园 ,125.83平米,南 ,748,59446,房本满五年,精装,中楼层(共5层),2003年建,通惠家园,,-
朝阳,东湖湾二期 ,190.43平米,南 ,1690,88747,房本满五年,精装,低楼层(共28层),2009年建,东湖湾二期,,-
朝阳,润枫水尚 ,166.96平米,南 ,1250,74869,房本满五年,精装,中楼层(共11层),2007年建,润枫水尚,,-
朝阳,广渠门外大街 ,67.96平米,南 ,423,62243,房本满五年,简装,低楼层(共12层),1983年建,广渠门外大街,,-
朝阳,金隅凤麟洲 ,105.1平米,南 ,726,69078,房本满五年,精装,9层,2008年建,金隅凤麟洲,,-
朝阳,光熙门北里 ,53.1平米,西,366,68927,房本满五年,精装,中楼层(共6层),1985年建,光熙门北里,,-
朝阳,山水蓝维 ,144.3平米,东 南 ,920,63757,房本满五年,精装,中楼层(共7层),2004年建,山水蓝维,,-
朝阳,千鹤家园 ,131.29平米,东,1030,78453,房本满五年,简装,底层(共25层),2002年建,千鹤家园,,-
朝阳,世纪东方城 ,109.6平米,,630,57482,房本满五年,精装,中楼层(共21层),2005年建,世纪东方城,,-
朝阳,嘉铭桐城C区 ,149平米,东,1260,84564,房本满五年,简装,低楼层(共29层),2003年建,嘉铭桐城C区,,-
朝阳,百环家园 ,125.54平米,南 ,680,54167,房本满五年,简装,顶层(共27层),2005年建,百环家园,,-
朝阳,10AM新坐标 ,112.1平米,南 ,582,51918,房本满五年,简装,高楼层(共26层),2005年建,10AM新坐标,,-
朝阳,北沙滩4号院 ,69.78平米,南 ,493,70651,房本满五年,精装,顶层(共6层),1988年建,北沙滩4号院,,-
朝阳,山水蓝维 ,150平米,南 ,1030,68667,房本满五年,其他,底层(共6层),2004年建,山水蓝维,,-
朝阳,圣世一品 ,233.46平米,南 ,1700,72818,房本满五年,精装,低楼层(共21层),2010年建,圣世一品,,-
朝阳,九龙花园 ,130.84平米,东,699,53425,房本满五年,精装,22层,1999年建,九龙花园,,-
朝阳,望京花园西区 ,75.04平米,东 南 ,626,83423,房本满五年,简装,中楼层(共10层),2000年建,望京花园西区,,-
朝阳,翠成馨园E区 ,78.96平米,东,360,45593,房本满五年,简装,高楼层(共28层),2011年建,翠成馨园E区,,-
朝阳,劲松五区 ,73.2平米,南 ,465,63525,房本满五年,毛坯,高楼层(共6层),1979年建,劲松五区,,-
朝阳,晨光家园 ,80.51平米,西,415,51547,,精装,底层(共26层),2000年建,晨光家园,,-
朝阳,金星园 ,140.52平米,东,1435,102121,,精装,中楼层(共21层),2005年建,金星园,,-
朝阳,天畅园 ,182.14平米,西,1000,54903,,精装,中楼层(共32层),2008年建,天畅园,,-
朝阳,泛海世家西府 ,465.73平米,南 ,6300,135272,房本满五年,毛坯,高楼层(共10层),2016年建,泛海世家西府,,-
朝阳,阳光上东 ,236.67平米,南 ,1998,84422,房本满五年,精装,低楼层(共9层),2007年建,阳光上东,,-
朝阳,元大都7号 ,219.41平米,东 ,1320,60162,房本满五年,简装,中楼层(共18层),2002年建,元大都7号,,-
朝阳,奥林匹克花园二期 ,222.76平米,南 ,1040,46688,房本满五年,精装,中楼层(共5层),2004年建,奥林匹克花园二期,,-
朝阳,京城雅居 ,210.3平米,南 ,880,41845,房本满五年,简装,中楼层(共7层),2004年建,京城雅居,,-
朝阳,国美第一城3号院 ,197.19平米,南 ,925,46910,房本满五年,精装,底层(共27层),2007年建,国美第一城3号院,,-
朝阳,金隅凤麟洲 ,242.29平米,南 ,1800,74292,房本满五年,简装,中楼层(共4层),2008年建,金隅凤麟洲,,-
朝阳,沿海赛洛城五期 ,97.99平米,南 ,800,81641,房本满五年,简装,顶层(共11层),2008年建,沿海赛洛城五期,,-
朝阳,嘉禾园 ,133.78平米,东,755,56436,房本满五年,简装,低楼层(共18层),1997年建,嘉禾园,,-
朝阳,首开常青藤二期 ,206.07平米,南 ,1050,50954,房本满五年,简装,底层(共5层),2011年建,首开常青藤二期,,-
朝阳,美利山 ,361.2平米,南 东 ,1400,38760,房本满五年,毛坯,低楼层(共20层),2013年建,美利山,,-
朝阳,安园 ,84.78平米,东南 西,608,71716,房本满五年,简装,顶层(共6层),1993年建,安园,,-
朝阳,安慧北里逸园 ,126.99平米,东,840,66147,房本满五年,简装,低楼层(共26层),2000年建,安慧北里逸园,,-
朝阳,南沙滩小区 ,86.57平米,,560,64688,房本满五年,毛坯,高楼层(共15层),1996年建,南沙滩小区,,-
朝阳,珠江罗马嘉园东区 ,81.95平米,南 ,680,82978,房本满五年,精装,低楼层(共11层),2008年建,珠江罗马嘉园东区,,-
朝阳,立城苑 ,129.98平米,东 ,560,43084,房本满五年,精装,底层(共15层),2004年建,立城苑,,-
朝阳,南湖东园一区 ,82.13平米,南 ,537,65385,房本满五年,精装,低楼层(共6层),1998年建,南湖东园一区,,-
朝阳,纽约豪园 ,169.08平米,东,950,56187,房本满五年,精装,低楼层(共31层),2001年建,纽约豪园,,-
朝阳,荟康苑 ,82.45平米,南 ,408,49485,,精装,中楼层(共7层),1996年建,荟康苑,,-
朝阳,西坝河东里 ,85.37平米,西,630,73797,,简装,顶层(共18层),1987年建,西坝河东里,,-
朝阳,东土城路13号院 ,81.18平米,南 ,629,77483,,简装,中楼层(共5层),1995年建,东土城路13号院,,-
朝阳,富力又一城A区 ,209.28平米,南 ,1250,59729,,精装,中楼层(共11层),2005年建,富力又一城A区,,-
朝阳,大西洋新城B区 ,240.57平米,东南 西,1690,70250,,简装,高楼层(共10层),1999年建,大西洋新城B区,,-
朝阳,星河湾 ,246.18平米,南 西 ,2200,89366,,精装,中楼层(共12层),2006年建,星河湾,,-
朝阳,奥林匹克花园一期 ,246.95平米,南 ,1350,54667,,精装,高楼层(共8层),2003年建,奥林匹克花园一期,,-
朝阳,金茂府北区 ,332平米,南 ,4800,144579,,精装,高楼层(共18层),2012年建,金茂府北区,,-
朝阳,九号公寓 ,393.25平米,东,2350,59759,,精装,低楼层(共10层),2008年建,九号公寓,,-
朝阳,观湖国际 ,315.47平米,南 西 ,2980,94463,,精装,高楼层(共26层),2006年建,观湖国际,,-
朝阳,万科星园 ,275.37平米,,1880,68272,,精装,高楼层(共13层),2000年建,万科星园,,-
朝阳,嘉润花园 ,268.59平米,,1350,50263,,简装,顶层(共30层),2001年建,嘉润花园,,-
朝阳,柏阳景园 ,146.91平米,南 ,565,38459,房本满五年,精装,高楼层(共6层),2005年建,柏阳景园,,-
朝阳,御金台 ,304.42平米,南 西 ,3750,123186,房本满五年,精装,中楼层(共57层),2008年建,御金台,,-
朝阳,富力又一城B区 ,229.66平米,南 ,1080,47027,房本满五年,其他,顶层(共18层),2009年建,富力又一城B区,,-
朝阳,润泽庄园 ,233.06平米,南 ,1929,82769,房本满五年,精装,上叠(共4层),2009年建,润泽庄园,,-
朝阳,星海明珠 ,178.37平米,南 ,1400,78489,房本满五年,精装,中楼层(共8层),1999年建,星海明珠,,-
朝阳,天鹅湾北区 ,364.38平米,南 西 ,2000,54888,房本满五年,精装,中楼层(共13层),2009年建,天鹅湾北区,,-
朝阳,百环花园 ,137.87平米,西,710,51498,房本满五年,精装,高楼层(共28层),2001年建,百环花园,,-
朝阳,南新园 ,123.13平米,东 ,496,40283,房本满五年,简装,顶层(共6层),1995年建,南新园,,-
朝阳,富力城B区 ,249.91平米,东 南 ,2150,86031,房本满五年,精装,低楼层(共11层),2005年建,富力城B区,,-
朝阳,紫御华府 ,383.25平米,西南 ,3600,93934,房本满五年,精装,低楼层(共18层),2014年建,紫御华府,,-
朝阳,东湖湾二期 ,172.03平米,南 ,1634,94984,房本满五年,精装,高楼层(共28层),2009年建,东湖湾二期,,-
朝阳,富力又一城B区 ,194.93平米,南 ,950,48736,房本满五年,精装,低楼层(共22层),2008年建,富力又一城B区,,-
朝阳,东湖湾二期 ,218.31平米,南 西 ,2100,96194,房本满五年,精装,低楼层(共28层),2009年建,东湖湾二期,,-
朝阳,北纬40度二期 ,164.5平米,南 ,1300,79028,房本满五年,简装,中楼层(共9层),2009年建,北纬40度二期,,-
朝阳,华侨村 ,154.3平米,南 ,1148,74401,房本满五年,精装,高楼层(共19层),1989年建,华侨村,,-
朝阳,沿海赛洛城七期 ,158.15平米,南 ,1700,107493,房本满五年,精装,顶层(共9层),2009年建,沿海赛洛城七期,,-
朝阳,富力又一城A区 ,157.14平米,南 ,710,45183,房本满五年,精装,低楼层(共13层),2005年建,富力又一城A区,,-
朝阳,中海城南区 ,161平米,南 ,1175,72982,房本满五年,简装,顶层(共11层),2006年建,中海城南区,,-
朝阳,乐成公馆 ,257.96平米,南 ,3280,127152,房本满五年,精装,高楼层(共22层),2007年建,乐成公馆,,-
朝阳,望京西园二区 ,123.49平米,东,859,69561,房本满五年,简装,中楼层(共18层),1997年建,望京西园二区,,-
朝阳,金港国际 ,238.67平米,南 ,1950,81703,房本满五年,精装,顶层(共18层),2004年建,金港国际,,-
朝阳,望京新城 ,121.81平米,西,728,59766,房本满五年,简装,高楼层(共27层),1998年建,望京新城,,-
朝阳,上林世家 ,280.34平米,南 西 ,2570,91675,房本满五年,精装,低楼层(共18层),2012年建,上林世家,,-
朝阳,北纬40度二期 ,209.41平米,南 ,1800,85956,房本满五年,精装,顶层(共4层),2009年建,北纬40度二期,,-
朝阳,嘉禾园 ,133.73平米,西,750,56084,,简装,中楼层(共18层),1997年建,嘉禾园,,-
朝阳,国奥村 ,239.09平米,南 ,3100,129659,,简装,顶层(共9层),2007年建,国奥村,,-
朝阳,富力又一城B区 ,199.98平米,南 ,1100,55006,,精装,低楼层(共18层),2008年建,富力又一城B区,,-
朝阳,山水文园一期 ,270.98平米,南 ,2300,84878,,精装,9层,2002年建,山水文园一期,,-
朝阳,金隅国际 ,207.91平米,西南 ,1260,60604,,其他,中楼层(共11层),2005年建,金隅国际,,-
朝阳,百子湾家园二区 ,111平米,西 南 ,525,47298,,简装,中楼层(共16层),2006年建,百子湾家园二区,,-
朝阳,火星园 ,217.68平米,南 ,2290,105201,房本满五年,简装,中楼层(共27层),2010年建,火星园,,-
朝阳,荣尊堡国际俱乐部公寓 ,205.94平米,西,1380,67010,房本满五年,精装,低楼层(共24层),2005年建,荣尊堡国际俱乐部公寓,,-
朝阳,富力城D区 ,247平米,南 ,2470,100000,房本满五年,精装,顶层(共20层),2006年建,富力城D区,,-
朝阳,国美第一城2号院 ,169.28平米,,1060,62619,房本满五年,精装,18层,2006年建,国美第一城2号院,,-
朝阳,富力十号 ,281.38平米,东南 ,3930,139669,房本满五年,精装,低楼层(共18层),2006年建,富力十号,,-
朝阳,万象新天一区 ,184.39平米,南 ,1475,79994,房本满五年,精装,底层(共4层),2004年建,万象新天一区,,-
朝阳,SOHO现代城 ,269.83平米,东,1250,46326,房本满五年,其他,低楼层(共36层),2001年建,SOHO现代城,,-
朝阳,塞纳维拉 ,205.54平米,南 ,1400,68114,房本满五年,简装,3层,2005年建,塞纳维拉,,-
朝阳,烟厂宿舍 ,95.9平米,南 ,408,42545,房本满五年,简装,高楼层(共7层),1998年建,烟厂宿舍,,-
朝阳,大西洋新城C区 ,125.05平米,南 ,1100,87965,房本满五年,简装,低楼层(共8层),2000年建,大西洋新城C区,,-
朝阳,公园大道 ,297.19平米,东南 ,2800,94216,房本满五年,精装,高楼层(共31层),2005年建,公园大道,,-
朝阳,奥林匹克花园一期 ,183.95平米,南 西 ,1160,63061,房本满五年,精装,中楼层(共5层),2003年建,奥林匹克花园一期,,-
朝阳,富力城D区 ,262.56平米,南 ,2600,99025,房本满五年,精装,高楼层(共14层),2006年建,富力城D区,,-
朝阳,北京青年城 ,245.69平米,南 ,1350,54948,房本满五年,简装,高楼层(共11层),2004年建,北京青年城,,-
朝阳,阳光100 ,265.09平米,东 ,2140,80728,房本满五年,精装,底层(共30层),2002年建,阳光100,,-
朝阳,美华世纪 ,182.46平米,西 ,1200,65768,房本满五年,精装,低楼层(共11层),2004年建,美华世纪,,-
朝阳,倚林佳园 ,179.05平米,南 ,2250,125664,房本满五年,精装,上叠(共5层),2002年建,倚林佳园,,-
朝阳,大西洋新城F区 ,143.05平米,东南 西,1280,89480,房本满五年,精装,高楼层(共7层),2006年建,大西洋新城F区,,-
朝阳,新城国际 ,278.93平米,,4000,143406,房本满五年,其他,低楼层(共31层),2006年建,新城国际,,-
朝阳,中海安德鲁斯庄园 ,352.12平米,南 ,2700,76679,,精装,3层,2005年建,中海安德鲁斯庄园,,-
朝阳,康城别墅二期 ,314.7平米,南 ,1120,35590,,精装,底层(共5层),2004年建,康城别墅二期,,-
朝阳,新街坊 ,159.62平米,南 ,1100,68914,,简装,顶层(共15层),2004年建,新街坊,,-
朝阳,上林世家 ,162.93平米,南 ,1550,95133,,简装,低楼层(共18层),2012年建,上林世家,,-
朝阳,东方瑞景 ,198.31平米,南 ,1500,75640,,精装,中楼层(共26层),2004年建,东方瑞景,,-
朝阳,融科橄榄城三期 ,126.32平米,西,1100,87081,,精装,中楼层(共27层),2009年建,融科橄榄城三期,,-
朝阳,工体东路 ,121.21平米,东 南 ,820,67652,,简装,中楼层(共5层),1993年建,工体东路,,-
朝阳,上元君庭 ,196.22平米,南 ,1550,78993,,简装,中楼层(共4层),2005年建,上元君庭,,-
朝阳,中海枫丹公馆 ,156.79平米,东 ,1830,116717,,精装,高楼层(共12层),2016年建,中海枫丹公馆,,-
朝阳,泛海国际澜海园 ,194.99平米,,1630,83595,,精装,底层(共15层),2009年建,泛海国际澜海园,,-
朝阳,富力阳光美园 ,68.72平米,,398,57917,,精装,低楼层(共27层),2010年建,富力阳光美园,,-
朝阳,沿海赛洛城一期 ,52.5平米,,355,67620,房本满五年,其他,低楼层(共24层),2007年建,沿海赛洛城一期,,-
朝阳,慧忠里 ,46.04平米,,470,102086,房本满五年,精装,高楼层(共6层),1993年建,慧忠里,,-
朝阳,华贸城 ,52.16平米,,480,92025,房本满五年,简装,高楼层(共17层),2012年建,华贸城,,-
朝阳,驼房营南里 ,81.22平米,南 ,410,50481,房本满五年,简装,顶层(共6层),1999年建,驼房营南里,,-
朝阳,康家园 ,64.14平米,南 ,358,55816,房本满五年,其他,高楼层(共6层),1996年建,康家园,,-
朝阳,优点社区 ,48.29平米,,270,55913,房本满五年,精装,中楼层(共6层),2006年建,优点社区,,-
朝阳,壹线国际 ,55.47平米,,360,64900,房本满五年,精装,高楼层(共9层),2008年建,壹线国际,,-
朝阳,炫特嘉园一期 ,36.65平米,,265,72306,房本满五年,精装,低楼层(共28层),2004年建,炫特嘉园一期,,-
朝阳,翠成馨园E区 ,97.03平米,东,407,41946,房本满五年,精装,中楼层(共28层),2011年建,翠成馨园E区,,-
朝阳,灵通观 ,66.6平米,南 ,505,75826,房本满五年,精装,5层,1976年建,灵通观,,-
朝阳,北京青年城 ,130.85平米,东 南 ,635,48529,房本满五年,精装,顶层(共6层),2003年建,北京青年城,,-
朝阳,建业苑 ,117.86平米,东 ,620,52605,房本满五年,简装,顶层(共6层),1997年建,建业苑,,-
朝阳,汇园公寓 ,185.17平米,东,1300,70206,房本满五年,简装,中楼层(共25层),1990年建,汇园公寓,,-
朝阳,翠成馨园C区 ,100.3平米,南 ,465,46361,房本满五年,毛坯,顶层(共11层),2007年建,翠成馨园C区,,-
朝阳,嘉润花园 ,174.7平米,东 南 ,870,49800,房本满五年,简装,中楼层(共28层),2001年建,嘉润花园,,-
朝阳,北苑家园莲葩园 ,137.68平米,东,699,50770,房本满五年,精装,低楼层(共25层),2004年建,北苑家园莲葩园,,-
朝阳,三空间 ,288.7平米,东 南 ,1911,66194,房本满五年,精装,高楼层(共11层),2005年建,三空间,,-
朝阳,华腾园 ,222.32平米,东,1210,54427,房本满五年,简装,高楼层(共24层),2003年建,华腾园,,-
朝阳,都市心海岸 ,117.9平米,东南 西,760,64462,房本满五年,精装,中楼层(共12层),2003年建,都市心海岸,,-
朝阳,管庄西里 ,103.87平米,南 ,438,42169,房本满五年,简装,底层(共6层),2000年建,管庄西里,,-
朝阳,望京花园西区 ,97.56平米,南 ,700,71751,房本满五年,简装,底层(共10层),2000年建,望京花园西区,,-
朝阳,安华西里社区 ,68.12平米,东 ,550,80740,房本满五年,简装,低楼层(共12层),1992年建,安华西里社区,,-
朝阳,泛海国际碧海园 ,152.87平米,南 ,1400,91582,房本满五年,精装,高楼层(共18层),2008年建,泛海国际碧海园,,-
朝阳,华发颐园 ,153.34平米,南 ,899,58628,房本满五年,精装,中楼层(共11层),2007年建,华发颐园,,-
朝阳,国美第一城3号院 ,140.03平米,南 ,830,59274,,精装,顶层(共27层),2007年建,国美第一城3号院,,-
朝阳,双惠小区 ,115.74平米,南 ,519,44842,,简装,高楼层(共6层),2002年建,双惠小区,,-
朝阳,望京明苑 ,140.34平米,东南 西,700,49879,,简装,高楼层(共28层),2001年建,望京明苑,,-
朝阳,华贸国际公寓 ,199.85平米,南 ,1850,92570,,精装,顶层(共14层),2005年建,华贸国际公寓,,-
朝阳,广和南里二条 ,57.6平米,南 ,349,60591,,简装,中楼层(共6层),1990年建,广和南里二条,,-
朝阳,富力城C区 ,225.56平米,南 ,2400,106402,,精装,中楼层(共17层),2005年建,富力城C区,,-
朝阳,东一时区 ,121.81平米,南 ,480,39406,房本满五年,简装,中楼层(共5层),2005年建,东一时区,,-
朝阳,华悦国际公寓 ,185.75平米,南 ,1595,85869,房本满五年,精装,高楼层(共9层),2006年建,华悦国际公寓,,-
朝阳,澳景花庭 ,122.75平米,南 ,965,78616,房本满五年,精装,中楼层(共11层),2005年建,澳景花庭,,-
朝阳,金隅丽港城 ,105.76平米,西,740,69970,房本满五年,简装,中楼层(共26层),2003年建,金隅丽港城,,-
朝阳,乐成公馆 ,140.69平米,,1290,91691,房本满五年,精装,低楼层(共22层),2007年建,乐成公馆,,-
朝阳,定福庄西街 ,118.41平米,南 ,500,42227,房本满五年,精装,顶层(共6层),1998年建,定福庄西街,,-
朝阳,远洋天地二期 ,120.45平米,东,750,62267,房本满五年,精装,中楼层(共30层),2002年建,远洋天地二期,,-
朝阳,富力城D区 ,95.69平米,东 ,1040,108685,房本满五年,简装,低楼层(共21层),2007年建,富力城D区,,-
朝阳,林奥嘉园 ,126.43平米,东 ,799,63198,房本满五年,精装,中楼层(共27层),2015年建,林奥嘉园,,-
朝阳,华展国际公寓 ,220.4平米,东南 ,1488,67514,房本满五年,简装,低楼层(共16层),1999年建,华展国际公寓,,-
朝阳,宝石花苑 ,132.73平米,东 ,1015,76472,房本满五年,简装,底层(共10层),2005年建,宝石花苑,,-
朝阳,晨曦园 ,109.51平米,,525,47941,房本满五年,简装,高楼层(共28层),1999年建,晨曦园,,-
朝阳,松榆东里 ,63.88平米,南 ,370,57922,房本满五年,简装,中楼层(共18层),1996年建,松榆东里,,-
朝阳,金隅国际 ,181.77平米,东,1180,64918,房本满五年,简装,中楼层(共31层),2005年建,金隅国际,,-
朝阳,富丽华园 ,176.09平米,东,1200,68147,房本满五年,简装,低楼层(共22层),2001年建,富丽华园,,-
朝阳,和平西街1号院 ,112.59平米,东,710,63061,房本满五年,简装,低楼层(共18层),1997年建,和平西街1号院,,-
朝阳,奥林匹克花园四期 ,151.13平米,南 ,950,62860,房本满五年,精装,底层(共10层),2009年建,奥林匹克花园四期,,-
朝阳,华纺易城 ,108.11平米,,749,69282,房本满五年,精装,18层,2006年建,华纺易城,,-
朝阳,华威西里 ,65.65平米,东,409,62301,房本满五年,简装,低楼层(共18层),1993年建,华威西里,,-
朝阳,富北嘉园 ,126.76平米,东 南 ,660,52067,房本满五年,精装,底层(共8层),2013年建,富北嘉园,,-
朝阳,嘉铭桐城B区 ,147.74平米,西,1180,79871,房本满五年,简装,高楼层(共14层),2002年建,嘉铭桐城B区,,-
朝阳,华纺易城 ,135.67平米,南 ,949,69950,房本满五年,精装,低楼层(共12层),2005年建,华纺易城,,-
朝阳,金蝉里 ,128.08平米,西,595,46456,,精装,中楼层(共21层),2006年建,金蝉里,,-
朝阳,金地名京 ,116.34平米,东,930,79939,,精装,高楼层(共20层),2009年建,金地名京,,-
朝阳,亚运豪庭 ,135.3平米,,880,65041,,简装,高楼层(共24层),2000年建,亚运豪庭,,-
朝阳,东润枫景一期 ,220.7平米,南 ,1400,63435,,简装,中楼层(共12层),2002年建,东润枫景一期,,-
朝阳,万科青青家园 ,157.35平米,南 ,730,46394,,简装,中楼层(共5层),2004年建,万科青青家园,,-
朝阳,天润福熙大道 ,148.43平米,南 ,1100,74110,,精装,低楼层(共27层),2011年建,天润福熙大道,,-
朝阳,大屯里小区 ,91.13平米,,630,69133,,精装,低楼层(共24层),2003年建,大屯里小区,,-
朝阳,朝阳园 ,110.93平米,西,630,56793,,精装,低楼层(共29层),2003年建,朝阳园,,-
朝阳,观筑庭园 ,261.36平米,南 ,1123,42968,房本满五年,简装,10层,2004年建,观筑庭园,,-
朝阳,上元君庭 ,290.53平米,南 ,2270,78134,房本满五年,精装,中楼层(共4层),2005年建,上元君庭,,-
朝阳,中海安德鲁斯庄园 ,286.03平米,南 ,1399,48911,房本满五年,精装,下叠(共4层),2006年建,中海安德鲁斯庄园,,-
朝阳,时代庄园 ,207.11平米,南 ,1240,59872,房本满五年,精装,下叠(共5层),2003年建,时代庄园,,-
朝阳,中海安德鲁斯庄园 ,246.78平米,南 ,1180,47816,房本满五年,简装,中楼层(共4层),2006年建,中海安德鲁斯庄园,,-
朝阳,沿海赛洛城二期 ,164.24平米,南 ,1200,73064,房本满五年,其他,底层(共4层),2007年建,沿海赛洛城二期,,-
朝阳,星河湾 ,272.81平米,西,2149,78773,房本满五年,精装,高楼层(共12层),2006年建,星河湾,,-
朝阳,时代庄园 ,159.38平米,南 ,1380,86586,房本满五年,精装,上叠(共5层),2003年建,时代庄园,,-
朝阳,富力又一城B区 ,161.09平米,南 ,770,47800,房本满五年,精装,低楼层(共18层),2008年建,富力又一城B区,,-
朝阳,中国铁建国际城 ,174.01平米,南 西 ,1150,66089,房本满五年,精装,低楼层(共19层),2011年建,中国铁建国际城,,-
朝阳,宝星国际三期 ,229.69平米,南 ,1720,74884,房本满五年,精装,低楼层(共22层),2010年建,宝星国际三期,,-
朝阳,千鹤家园 ,297.06平米,南 ,1500,50495,房本满五年,简装,25层,2002年建,千鹤家园,,-
朝阳,联宝公寓 ,224.33平米,南 ,1430,63746,房本满五年,精装,底层(共19层),1997年建,联宝公寓,,-
朝阳,天润福熙大道 ,251.86平米,南 ,1850,73454,房本满五年,精装,中楼层(共26层),2014年建,天润福熙大道,,-
朝阳,世纪东方城 ,137.14平米,南 ,765,55783,房本满五年,精装,顶层(共14层),2004年建,世纪东方城,,-
朝阳,观筑庭园 ,184.21平米,南 ,900,48858,房本满五年,精装,中楼层(共4层),2004年建,观筑庭园,,-
朝阳,翠成馨园C区 ,125.24平米,南 ,630,50304,房本满五年,简装,底层(共11层),2008年建,翠成馨园C区,,-
朝阳,大西洋新城B区 ,198.95平米,南 ,1350,67857,房本满五年,简装,高楼层(共10层),1999年建,大西洋新城B区,,-
朝阳,翠成馨园C区 ,128.66平米,南 ,620,48190,房本满五年,精装,中楼层(共18层),2007年建,翠成馨园C区,,-
朝阳,欧陆经典 ,191.65平米,南 ,1250,65224,房本满五年,简装,低楼层(共15层),2000年建,欧陆经典,,-
朝阳,国风上观 ,239.03平米,南 ,1588,66436,房本满五年,精装,顶层(共9层),2010年建,国风上观,,-
朝阳,望京金茂府 ,315.57平米,南 ,3750,118833,房本满五年,精装,中楼层(共17层),2014年建,望京金茂府,,-
朝阳,康城别墅一期 ,238.14平米,南 ,1120,47032,房本满五年,简装,底层(共3层),2003年建,康城别墅一期,,-
朝阳,安华西里社区 ,108.52平米,西南 ,990,91228,房本满五年,简装,高楼层(共18层),1998年建,安华西里社区,,-
朝阳,芳林苑 ,148.31平米,东,810,54616,房本满五年,精装,中楼层(共22层),2001年建,芳林苑,,-
朝阳,望京花园东区 ,130.56平米,东,899,68858,房本满五年,简装,低楼层(共25层),2000年建,望京花园东区,,-
朝阳,砖角楼南里 ,70.2平米,东 ,510,72650,,精装,顶层(共6层),1988年建,砖角楼南里,,-
朝阳,双合家园 ,70.71平米,东 ,325,45963,,简装,高楼层(共22层),2013年建,双合家园,,-
朝阳,壹线国际 ,113.36平米,南 ,490,43226,,简装,底层(共9层),2006年建,壹线国际,,-
朝阳,北京青年城 ,112.2平米,东 南 ,526,46881,,简装,低楼层(共12层),2004年建,北京青年城,,-
朝阳,惠新东街 ,71.72平米,南 ,560,78082,房本满五年,精装,高楼层(共12层),1995年建,惠新东街,,-
朝阳,天和人家 ,88.97平米,,560,62943,房本满五年,简装,高楼层(共23层),2004年建,天和人家,,-
朝阳,远洋一方新悦一期 ,69平米,,315,45653,房本满五年,精装,底层(共18层),2012年建,远洋一方新悦一期,,-
朝阳,炫特嘉园二期 ,55平米,西,370,67273,房本满五年,精装,低楼层(共24层),2004年建,炫特嘉园二期,,-
朝阳,嘉铭桐城E区 ,105.81平米,东 ,900,85059,房本满五年,精装,中楼层(共11层),2006年建,嘉铭桐城E区,,-
朝阳,远洋新干线 ,72.14平米,,580,80400,房本满五年,精装,27层,2005年建,远洋新干线,,-
朝阳,胜古北里 ,60.98平米,东 ,389,63792,房本满五年,简装,中楼层(共6层),1987年建,胜古北里,,-
朝阳,柏林爱乐三期 ,68.19平米,东 ,382,56020,房本满五年,精装,顶层(共11层),2007年建,柏林爱乐三期,,-
朝阳,安贞里 ,63.18平米,南 ,490,77557,房本满五年,简装,高楼层(共6层),1986年建,安贞里,,-
朝阳,中广宜景湾 ,103.23平米,东,840,81372,房本满五年,简装,高楼层(共26层),2008年建,中广宜景湾,,-
朝阳,平乐园小区 ,51.91平米,,287,55288,房本满五年,简装,高楼层(共6层),1993年建,平乐园小区,,-
朝阳,雅成一里 ,67.8平米,,370,54573,房本满五年,简装,中楼层(共25层),2001年建,雅成一里,,-
朝阳,都市经典家园 ,93.15平米,西,515,55288,房本满五年,简装,低楼层(共26层),2003年建,都市经典家园,,-
朝阳,西八间北里 ,60.44平米,南 ,380,62873,房本满五年,简装,中楼层(共6层),1991年建,西八间北里,,-
朝阳,富力城D区 ,79.84平米,南 ,750,93938,房本满五年,精装,中楼层(共14层),2007年建,富力城D区,,-
朝阳,欧陆经典 ,109.55平米,西,930,84893,房本满五年,精装,中楼层(共26层),2000年建,欧陆经典,,-
朝阳,南湖东园二区 ,55.64平米,南 ,385,69195,房本满五年,简装,顶层(共6层),1998年建,南湖东园二区,,-
朝阳,新街坊 ,91.56平米,东,525,57340,房本满五年,精装,中楼层(共14层),2006年建,新街坊,,-
朝阳,富力又一城A区 ,87.58平米,东,415,47386,,精装,低楼层(共21层),2005年建,富力又一城A区,,-
朝阳,九龙花园 ,85.8平米,西,520,60607,,简装,低楼层(共22层),2001年建,九龙花园,,-
朝阳,百环家园 ,100.3平米,,575,57329,,简装,高楼层(共26层),2005年建,百环家园,,-
朝阳,润泽公馆 ,87.22平米,,603,69136,,精装,高楼层(共26层),2014年建,润泽公馆,,-
朝阳,棕榈泉国际公寓 ,123.53平米,,1090,88238,,精装,中楼层(共27层),2004年建,棕榈泉国际公寓,,-
朝阳,润泽悦溪 ,88.37平米,南 ,701,79326,,精装,中楼层(共10层),2010年建,润泽悦溪,,-
朝阳,建研院 ,45平米,,409,90889,,简装,中楼层(共6层),1989年建,建研院,,-
朝阳,国风北京一期 ,81.2平米,,730,89902,,简装,低楼层(共14层),2005年建,国风北京一期,,-
朝阳,和平西街 ,58.98平米,南 ,428,72567,,简装,底层(共6层),1993年建,和平西街,,-
朝阳,都会华庭 ,103.02平米,西南 ,620,60183,,简装,低楼层(共21层),2007年建,都会华庭,,-
朝阳,保利金泉 ,92.02平米,,896,97371,,毛坯,高楼层(共30层),2008年建,保利金泉,,-
朝阳,团结湖路 ,60.65平米,东 ,400,65953,,简装,低楼层(共6层),1981年建,团结湖路,,-
朝阳,国美第一城3号院 ,136.03平米,南 ,780,57341,房本满五年,简装,中楼层(共27层),2007年建,国美第一城3号院,,-
朝阳,珠江罗马嘉园西区 ,207.94平米,南 ,1160,55786,房本满五年,精装,顶层(共8层),2004年建,珠江罗马嘉园西区,,-
朝阳,慧忠北里第二社区 ,91.2平米,东 ,580,63597,房本满五年,其他,中楼层(共9层),1997年建,慧忠北里第二社区,,-
朝阳,三里屯南路 ,77.16平米,南 ,770,99793,房本满五年,精装,中楼层(共18层),1991年建,三里屯南路,,-
朝阳,天朗园 ,163.96平米,东,830,50623,房本满五年,简装,中楼层(共32层),2005年建,天朗园,,-
朝阳,欧陆经典 ,195.19平米,西,1400,71725,房本满五年,精装,高楼层(共26层),2001年建,欧陆经典,,-
朝阳,上京新航线 ,197.72平米,南 ,1490,75360,房本满五年,精装,中楼层(共17层),2008年建,上京新航线,,-
朝阳,金海国际南区 ,138.88平米,西,756,54436,房本满五年,简装,低楼层(共23层),2005年建,金海国际南区,,-
朝阳,阳光上东 ,152.77平米,南 ,1380,90332,房本满五年,精装,低楼层(共23层),2009年建,阳光上东,,-
朝阳,天泰新房苑 ,129.47平米,南 ,480,37075,房本满五年,精装,底层(共7层),2003年建,天泰新房苑,,-
朝阳,珠江绿洲 ,117.09平米,东,560,47827,房本满五年,精装,中楼层(共31层),2007年建,珠江绿洲,,-
朝阳,慧谷金色家园 ,140.12平米,南 ,1100,78505,房本满五年,简装,中楼层(共8层),2001年建,慧谷金色家园,,-
朝阳,欧陆经典 ,105.91平米,东,800,75536,房本满五年,简装,底层(共22层),1999年建,欧陆经典,,-
朝阳,双惠小区 ,112.53平米,南 ,529,47010,房本满五年,精装,中楼层(共6层),2004年建,双惠小区,,-
朝阳,御景园 ,134.46平米,东,700,52061,房本满五年,简装,中楼层(共33层),2001年建,御景园,,-
朝阳,SOHO现代城 ,104.44平米,,659,63099,房本满五年,精装,低楼层(共28层),2000年建,SOHO现代城,,-
朝阳,北苑6号院 ,72.22平米,南 ,398,55110,房本满五年,简装,顶层(共6层),1996年建,北苑6号院,,-
朝阳,万科星园 ,155.35平米,,1080,69521,房本满五年,精装,低楼层(共27层),2003年建,万科星园,,-
朝阳,丰和园 ,140.68平米,南 ,1570,111601,房本满五年,精装,中楼层(共26层),2010年建,丰和园,,-
朝阳,天畅园 ,104.27平米,东,620,59462,房本满五年,简装,低楼层(共32层),2008年建,天畅园,,-
朝阳,世贸国际公寓 ,263.31平米,东 南 ,2400,91148,房本满五年,其他,中楼层(共30层),2001年建,世贸国际公寓,,-
朝阳,珠江罗马嘉园东区 ,145.1平米,南 ,980,67540,房本满五年,精装,高楼层(共22层),2007年建,珠江罗马嘉园东区,,-
朝阳,左家庄东里 ,91.81平米,西南 ,600,65353,房本满五年,精装,低楼层(共21层),1997年建,左家庄东里,,-
朝阳,柏林爱乐二期 ,128.97平米,东,660,51175,房本满五年,简装,高楼层(共21层),2005年建,柏林爱乐二期,,-
朝阳,银领国际 ,112.92平米,南 ,838,74212,,精装,中楼层(共26层),2004年建,银领国际,,-
朝阳,嘉铭园 ,104.97平米,南 ,955,90979,,精装,中楼层(共7层),1999年建,嘉铭园,,-
朝阳,绿城北京诚园 ,260.88平米,南 ,3280,125729,,精装,中楼层(共13层),2010年建,绿城北京诚园,,-
朝阳,世纪村东区 ,96.9平米,南 ,608,62746,,精装,顶层(共6层),1996年建,世纪村东区,,-
朝阳,定福家园2号院 ,117.39平米,东,550,46853,,精装,中楼层(共18层),2006年建,定福家园2号院,,-
朝阳,合生国际花园 ,129.63平米,南 ,1150,88715,,精装,低楼层(共18层),2007年建,合生国际花园,,-
朝阳,百子湾家园二区 ,134.02平米,南 ,700,52232,房本满五年,精装,低楼层(共22层),2006年建,百子湾家园二区,,-
朝阳,国际港 ,134.91平米,,930,68935,房本满五年,简装,中楼层(共23层),2002年建,国际港,,-
朝阳,上京新航线 ,175.12平米,南 ,1400,79946,房本满五年,精装,低楼层(共26层),2008年建,上京新航线,,-
朝阳,万象新天一区 ,99.19平米,东 ,538,54240,房本满五年,精装,中楼层(共5层),2004年建,万象新天一区,,-
朝阳,嘉铭园 ,104.01平米,南 ,960,92299,房本满五年,精装,中楼层(共7层),1999年建,嘉铭园,,-
朝阳,嘉铭桐城D区 ,185.38平米,南 ,1901,102547,房本满五年,精装,中楼层(共13层),2006年建,嘉铭桐城D区,,-
朝阳,嘉铭桐城D区 ,155.46平米,南 ,1680,108067,房本满五年,精装,高楼层(共15层),2006年建,嘉铭桐城D区,,-
朝阳,国美第一城3号院 ,79.87平米,,465,58220,房本满五年,精装,高楼层(共27层),2007年建,国美第一城3号院,,-
朝阳,怡景园 ,105平米,东,735,70000,房本满五年,精装,12层,2003年建,怡景园,,-
朝阳,中海城香克林 ,136.65平米,南 ,939,68716,房本满五年,精装,中楼层(共11层),2012年建,中海城香克林,,-
朝阳,嘉铭桐城C区 ,111.31平米,,875,78610,房本满五年,简装,底层(共28层),2004年建,嘉铭桐城C区,,-
朝阳,沿海赛洛城六期 ,134.65平米,南 ,839,62310,房本满五年,精装,中楼层(共9层),2009年建,沿海赛洛城六期,,-
朝阳,新源南路 ,64.4平米,西,480,74535,房本满五年,简装,中楼层(共16层),1985年建,新源南路,,-
朝阳,乐成国际 ,137.16平米,东,1260,91864,房本满五年,精装,中楼层(共12层),2006年建,乐成国际,,-
朝阳,苹果社区南区 ,109.98平米,,880,80015,房本满五年,精装,中楼层(共27层),2005年建,苹果社区南区,,-
朝阳,大西洋新城A区 ,113.87平米,南 ,975,85624,房本满五年,精装,底层(共6层),1999年建,大西洋新城A区,,-
朝阳,东恒时代二期 ,126.78平米,南 ,970,76511,房本满五年,精装,高楼层(共16层),2005年建,东恒时代二期,,-
朝阳,金海国际南区 ,108.67平米,南 ,650,59815,房本满五年,简装,中楼层(共23层),2005年建,金海国际南区,,-
朝阳,观湖国际 ,127.27平米,东 ,1035,81324,房本满五年,精装,低楼层(共25层),2007年建,观湖国际,,-
朝阳,金海国际南区 ,108.67平米,西,630,57974,房本满五年,精装,中楼层(共23层),2005年建,金海国际南区,,-
朝阳,华亭嘉园 ,304.27平米,,1930,63431,房本满五年,精装,高楼层(共32层),2000年建,华亭嘉园,,-
朝阳,博雅园 ,229.61平米,,1750,76217,房本满五年,精装,中楼层(共28层),2002年建,博雅园,,-
朝阳,城市绿洲花园 ,121.12平米,东 南 ,829,68445,房本满五年,简装,顶层(共9层),2005年建,城市绿洲花园,,-
朝阳,珠江帝景 ,161.63平米,,1285,79503,房本满五年,精装,中楼层(共26层),2004年建,珠江帝景,,-
朝阳,东一时区 ,126.03平米,南 ,550,43641,,精装,中楼层(共5层),2005年建,东一时区,,-
朝阳,兴隆家园 ,76.55平米,南 ,500,65317,,精装,高楼层(共6层),1999年建,兴隆家园,,-
朝阳,亚运豪庭 ,142.13平米,东,828,58257,,精装,中楼层(共24层),2000年建,亚运豪庭,,-
朝阳,奥林匹克花园二期 ,123.7平米,南 ,960,77608,,精装,底层(共5层),2004年建,奥林匹克花园二期,,-
朝阳,国风北京二期 ,168.3平米,,1358,80690,,精装,底层(共14层),2005年建,国风北京二期,,-
朝阳,格林莱雅 ,107.16平米,南 ,730,68123,,精装,中楼层(共17层),2009年建,格林莱雅,,-
朝阳,大屯里小区 ,102.02平米,东 南 ,658,64498,房本满五年,精装,低楼层(共28层),2003年建,大屯里小区,,-
朝阳,凤凰城二期 ,143.05平米,南 ,1580,110451,房本满五年,精装,中楼层(共32层),2005年建,凤凰城二期,,-
朝阳,奥林匹克花园四期 ,125.85平米,南 ,735,58403,房本满五年,精装,低楼层(共10层),2009年建,奥林匹克花园四期,,-
朝阳,力鸿花园 ,140.73平米,东 东南 ,935,66440,房本满五年,简装,低楼层(共24层),1997年建,力鸿花园,,-
朝阳,华盛乐章 ,165.01平米,,950,57573,房本满五年,精装,低楼层(共23层),2001年建,华盛乐章,,-
朝阳,吉庆里小区 ,144.96平米,,1080,74504,房本满五年,精装,中楼层(共4层),2000年建,吉庆里小区,,-
朝阳,太阳公元 ,134.54平米,南 ,1819,135202,房本满五年,精装,顶层(共22层),2012年建,太阳公元,,-
朝阳,逸翠园 ,122.9平米,南 ,1200,97641,房本满五年,精装,顶层(共7层),2006年建,逸翠园,,-
朝阳,松榆西里 ,60.1平米,东,415,69052,房本满五年,精装,高楼层(共20层),1991年建,松榆西里,,-
朝阳,住欣家园 ,90.57平米,东 ,330,36436,房本满五年,简装,低楼层(共21层),2010年建,住欣家园,,-
朝阳,富力又一城C区 ,83.91平米,,498,59350,房本满五年,精装,底层(共23层),2011年建,富力又一城C区,,-
朝阳,海润国际 ,125.74平米,南 西 ,930,73963,房本满五年,简装,高楼层(共28层),2003年建,海润国际,,-
朝阳,格林莱雅 ,106.11平米,南 ,700,65970,房本满五年,简装,中楼层(共17层),2009年建,格林莱雅,,-
朝阳,兴隆家园 ,175.15平米,东南 南 ,570,32544,房本满五年,简装,顶层(共6层),2000年建,兴隆家园,,-
朝阳,沿海赛洛城三期 ,89.19平米,南 ,635,71197,房本满五年,简装,低楼层(共11层),2007年建,沿海赛洛城三期,,-
朝阳,富力又一城C区 ,89.31平米,,498,55761,房本满五年,精装,低楼层(共22层),2011年建,富力又一城C区,,-
朝阳,光熙家园一期 ,107.64平米,西,985,91509,房本满五年,精装,中楼层(共22层),2006年建,光熙家园一期,,-
朝阳,东湖湾二期 ,192.19平米,南 ,1550,80650,房本满五年,精装,低楼层(共28层),2009年建,东湖湾二期,,-
朝阳,丽都壹号 ,122.68平米,南 ,1029,83877,房本满五年,精装,中楼层(共20层),2013年建,丽都壹号,,-
朝阳,亚奥金茂悦 ,132.02平米,南 ,1060,80291,房本满五年,精装,低楼层(共10层),2013年建,亚奥金茂悦,,-
朝阳,惠新里小区 ,69.53平米,南 西,569,81836,房本满五年,简装,中楼层(共20层),1989年建,惠新里小区,,-
朝阳,曙光里 ,56.69平米,南 ,418,73735,房本满五年,精装,低楼层(共6层),1993年建,曙光里,,-
朝阳,华严北里1号院 ,148.71平米,东 ,1150,77332,房本满五年,精装,中楼层(共14层),2004年建,华严北里1号院,,-
朝阳,新城国际 ,299.79平米,南 ,3598,120018,,精装,高楼层(共33层),2005年建,新城国际,,-
朝阳,华纺易城 ,124.23平米,南 ,880,70837,,精装,18层,2006年建,华纺易城,,-
朝阳,望京花园西区 ,85.27平米,东,590,69192,,精装,中楼层(共24层),2000年建,望京花园西区,,-
朝阳,万科蓝山 ,165.56平米,南 ,1260,76106,,精装,底层(共25层),2012年建,万科蓝山,,-
朝阳,嘉禾园 ,116.26平米,南 ,660,56770,,精装,中楼层(共19层),2000年建,嘉禾园,,-
朝阳,翠成馨园C区 ,87.87平米,南 西 ,455,51782,,简装,低楼层(共16层),2005年建,翠成馨园C区,,-
朝阳,天鹅湾北区 ,179.47平米,南 ,1570,87480,,精装,底层(共17层),2009年建,天鹅湾北区,,-
朝阳,SOHO现代城 ,139.64平米,,750,53710,房本满五年,精装,低楼层(共28层),1999年建,SOHO现代城,,-
朝阳,风景线 ,137.43平米,西,640,46570,房本满五年,精装,底层(共24层),2001年建,风景线,,-
朝阳,安华西里社区 ,54.53平米,南 ,435,79773,房本满五年,简装,中楼层(共6层),1984年建,安华西里社区,,-
朝阳,都会华庭 ,129.67平米,东,810,62467,房本满五年,简装,低楼层(共21层),2001年建,都会华庭,,-
朝阳,金茂公寓 ,188.56平米,东 南 ,1230,65232,房本满五年,精装,高楼层(共6层),1998年建,金茂公寓,,-
朝阳,中和家园 ,100.57平米,东 ,630,62643,房本满五年,简装,低楼层(共14层),2000年建,中和家园,,-
朝阳,京通苑 ,146.13平米,西,510,34901,房本满五年,简装,顶层(共24层),2000年建,京通苑,,-
朝阳,京城雅居 ,168.31平米,南 ,750,44561,房本满五年,精装,中楼层(共7层),2004年建,京城雅居,,-
朝阳,望京新城 ,113.1平米,东,630,55703,房本满五年,简装,高楼层(共20层),1997年建,望京新城,,-
朝阳,望京明苑 ,97.65平米,西南 西,550,56324,房本满五年,精装,高楼层(共28层),2001年建,望京明苑,,-
朝阳,天鹅湾南区 ,113.28平米,东,970,85629,房本满五年,精装,中楼层(共17层),2009年建,天鹅湾南区,,-
朝阳,东区国际 ,127.9平米,南 ,850,66459,房本满五年,精装,高楼层(共27层),2005年建,东区国际,,-
朝阳,关东店南街 ,57.05平米,东 ,420,73620,房本满五年,简装,中楼层(共7层),1994年建,关东店南街,,-
朝阳,北苑家园茉藜园 ,90.46平米,南 ,459,50741,房本满五年,精装,底层(共18层),2005年建,北苑家园茉藜园,,-
朝阳,嘉和丽园 ,257.52平米,南 西 ,1450,56307,房本满五年,精装,高楼层(共31层),2001年建,嘉和丽园,,-
朝阳,望京明苑 ,113.35平米,东,652,57521,房本满五年,精装,中楼层(共28层),2001年建,望京明苑,,-
朝阳,富力城E区 ,125.97平米,,1160,92086,房本满五年,精装,中楼层(共18层),2007年建,富力城E区,,-
朝阳,冠城大通澜石 ,173.28平米,南 ,1998,115305,房本满五年,精装,底层(共10层),2012年建,冠城大通澜石,,-
朝阳,幸福二村 ,141.17平米,南 ,1100,77921,房本满五年,简装,高楼层(共6层),1999年建,幸福二村,,-
朝阳,安贞西里 ,73.45平米,东 ,580,78966,房本满五年,精装,中楼层(共6层),1984年建,安贞西里,,-
朝阳,拂林园 ,140.89平米,东 南 ,790,56073,房本满五年,精装,中楼层(共12层),2004年建,拂林园,,-
朝阳,银河湾 ,168平米,南 ,1380,82143,房本满五年,精装,底层(共20层),2012年建,银河湾,,-
朝阳,世方豪庭 ,174.85平米,南 ,1250,71490,,精装,中楼层(共20层),2000年建,世方豪庭,,-
朝阳,CBD传奇 ,194.87平米,,1200,61580,,精装,顶层(共20层),2007年建,CBD传奇,,-
朝阳,中海城香克林 ,145.15平米,东 ,729,50224,,简装,中楼层(共11层),2012年建,中海城香克林,,-
朝阳,双合家园 ,86.99平米,,405,46558,,精装,低楼层(共22层),2013年建,双合家园,,-
朝阳,翠成馨园E区 ,92.23平米,东,435,47165,,简装,高楼层(共28层),2009年建,翠成馨园E区,,-
朝阳,美立方 ,84.57平米,,489,57822,,简装,低楼层(共17层),2011年建,美立方,,-
朝阳,华威西里 ,50.78平米,,255,50217,,简装,顶层(共6层),1996年建,华威西里,,-
朝阳,东一时区 ,121.81平米,南 ,480,39406,,简装,中楼层(共5层),2005年建,东一时区,,-
朝阳,澳林春天三期 ,120.98平米,南 ,868,71748,房本满五年,精装,中楼层(共7层),2002年建,澳林春天三期,,-
朝阳,中和家园 ,123.11平米,南 ,750,60922,房本满五年,简装,高楼层(共7层),1998年建,中和家园,,-
朝阳,和平街十三区 ,57.18平米,南 ,432,75551,房本满五年,简装,顶层(共6层),1976年建,和平街十三区,,-
朝阳,凯旋城 ,92.49平米,,855,92443,房本满五年,精装,中楼层(共18层),2007年建,凯旋城,,-
朝阳,世纪龙祥嘉园 ,123.49平米,东 南 ,800,64783,房本满五年,简装,低楼层(共11层),2003年建,世纪龙祥嘉园,,-
朝阳,苹果社区北区 ,123.36平米,,749,60717,房本满五年,精装,中楼层(共33层),2007年建,苹果社区北区,,-
朝阳,嘉润花园 ,174.7平米,东 东南 南 ,884,50602,房本满五年,简装,中楼层(共28层),2001年建,嘉润花园,,-
朝阳,兴隆家园 ,117.74平米,东,600,50960,房本满五年,简装,中楼层(共24层),2002年建,兴隆家园,,-
朝阳,华贸城 ,101.73平米,东,790,77657,房本满五年,精装,底层(共17层),2012年建,华贸城,,-
朝阳,远洋万和城A区 ,179.27平米,南 ,2060,114911,房本满五年,精装,低楼层(共15层),2010年建,远洋万和城A区,,-
朝阳,柏林爱乐四期 ,68.07平米,东 ,400,58764,房本满五年,精装,底层(共11层),2008年建,柏林爱乐四期,,-
朝阳,芍药居北里 ,86.85平米,南 ,668,76915,房本满五年,精装,低楼层(共24层),1996年建,芍药居北里,,-
朝阳,百环家园 ,137.3平米,西,699,50911,房本满五年,精装,顶层(共26层),2005年建,百环家园,,-
朝阳,嘉多丽园 ,117.01平米,东,610,52133,房本满五年,简装,中楼层(共25层),2002年建,嘉多丽园,,-
朝阳,苹果派 ,112平米,南 ,639,57054,房本满五年,精装,低楼层(共12层),2007年建,苹果派,,-
朝阳,朝阳旺角 ,110.54平米,西南 ,432,39081,房本满五年,精装,中楼层(共15层),2007年建,朝阳旺角,,-
朝阳,富力城D区 ,112.74平米,,1150,102005,房本满五年,精装,高楼层(共23层),2005年建,富力城D区,,-
朝阳,国典华园 ,138.98平米,东南 ,1270,91381,房本满五年,简装,高楼层(共17层),2004年建,国典华园,,-
朝阳,江南山水 ,116.64平米,南 ,650,55728,房本满五年,毛坯,低楼层(共12层),2011年建,江南山水,,-
朝阳,东恒时代二期 ,133.8平米,南 ,1080,80718,房本满五年,精装,底层(共21层),2006年建,东恒时代二期,,-
朝阳,裕民路3号院 ,57.65平米,南 ,415,71987,房本满五年,简装,高楼层(共6层),1983年建,裕民路3号院,,-
朝阳,望京西园三区 ,174.21平米,东,818,46955,房本满五年,精装,底层(共22层),2000年建,望京西园三区,,-
朝阳,定福家园3号院 ,119.3平米,东南 西,535,44845,房本满五年,简装,低楼层(共21层),2006年建,定福家园3号院,,-
朝阳,百环花园 ,104.12平米,东,535,51384,房本满五年,简装,低楼层(共28层),2001年建,百环花园,,-
朝阳,中海城圣朝菲 ,120.82平米,南 ,860,71181,房本满五年,毛坯,中楼层(共8层),2010年建,中海城圣朝菲,,-
朝阳,世纪东方城 ,135.63平米,南 ,840,61934,房本满五年,简装,低楼层(共21层),2005年建,世纪东方城,,-
朝阳,樱花园 ,70.06平米,南 ,580,82787,,简装,高楼层(共6层),1998年建,樱花园,,-
朝阳,富力爱丁堡公馆 ,92.83平米,,1049,113003,,精装,底层(共14层),2005年建,富力爱丁堡公馆,,-
朝阳,沿海赛洛城七期 ,146.74平米,南 ,780,53156,,精装,顶层(共24层),2009年建,沿海赛洛城七期,,-
朝阳,安翔南里 ,50.22平米,,355,70689,,毛坯,底层(共5层),1976年建,安翔南里,,-
朝阳,富力城C区 ,224.69平米,南 ,2300,102364,房本满五年,精装,中楼层(共20层),2005年建,富力城C区,,-
朝阳,天鹅湾南区 ,216.26平米,南 西 ,1580,73061,房本满五年,精装,中楼层(共11层),2008年建,天鹅湾南区,,-
朝阳,天鹅湾北区 ,364.38平米,南 西 ,2400,65866,房本满五年,精装,高楼层(共13层),2009年建,天鹅湾北区,,-
朝阳,天鹅湾南区 ,151.62平米,南 ,1550,102230,房本满五年,精装,低楼层(共10层),2010年建,天鹅湾南区,,-
朝阳,燕华苑 ,379.37平米,南 ,2200,57991,房本满五年,其他,高楼层(共27层),1998年建,燕华苑,,-
朝阳,京华豪园 ,483.7平米,西,2000,41348,房本满五年,精装,顶层(共21层),2000年建,京华豪园,,-
朝阳,万象新天四区 ,184平米,南 ,1390,75544,房本满五年,精装,底层(共5层),2005年建,万象新天四区,,-
朝阳,红玺台 ,299.59平米,南 ,3900,130178,房本满五年,精装,中楼层(共24层),2011年建,红玺台,,-
朝阳,柏阳景园 ,186.05平米,南 ,760,40850,房本满五年,简装,高楼层(共6层),2005年建,柏阳景园,,-
朝阳,水郡长安 ,287.35平米,南 ,1660,57770,房本满五年,精装,3层,2006年建,水郡长安,,-
朝阳,富力又一城A区 ,122.85平米,南 ,660,53725,房本满五年,精装,底层(共10层),2005年建,富力又一城A区,,-
朝阳,翠成馨园A区 ,101.95平米,南 ,490,48063,房本满五年,简装,中楼层(共13层),2007年建,翠成馨园A区,,-
朝阳,紫南家园 ,181.6平米,南 ,1050,57820,房本满五年,精装,中楼层(共9层),2002年建,紫南家园,,-
朝阳,康城别墅一期 ,344.75平米,南 ,1480,42930,房本满五年,精装,3层,2001年建,康城别墅一期,,-
朝阳,富力十号 ,281.38平米,北 南 ,3500,124387,房本满五年,精装,低楼层(共18层),2012年建,富力十号,,-
朝阳,星河湾 ,292.65平米,南 ,2800,95678,房本满五年,其他,中楼层(共29层),2009年建,星河湾,,-
朝阳,柏林爱乐二期 ,175.87平米,南 ,1150,65390,房本满五年,精装,顶层(共7层),2004年建,柏林爱乐二期,,-
朝阳,浩鸿园 ,173.14平米,西,1480,85480,房本满五年,精装,高楼层(共21层),2001年建,浩鸿园,,-
朝阳,保利东郡 ,322.67平米,南 ,2799,86745,房本满五年,精装,中楼层(共18层),2011年建,保利东郡,,-
朝阳,凤凰城一期 ,248.25平米,南 ,1977,79638,房本满五年,精装,中楼层(共34层),2002年建,凤凰城一期,,-
朝阳,九号公寓 ,378平米,西南 东,2500,66138,房本满五年,精装,高楼层(共10层),2008年建,九号公寓,,-
朝阳,亚运新新家园竹溪园 ,256.3平米,东南 ,2400,93641,,其他,顶层(共7层),2003年建,亚运新新家园竹溪园,,-
朝阳,康城别墅三期 ,416.8平米,南 ,2850,68379,,精装,2层,2007年建,康城别墅三期,,-
朝阳,澳洲康都 ,195.62平米,南 ,1450,74124,,精装,高楼层(共22层),2006年建,澳洲康都,,-
朝阳,润泽庄园 ,268.67平米,南 ,2700,100496,,精装,2层,2009年建,润泽庄园,,-
朝阳,首开常青藤二期 ,219.81平米,南 ,1600,72791,,精装,底层(共5层),2011年建,首开常青藤二期,,-
朝阳,润泽庄园 ,310.13平米,南 ,2280,73518,,精装,2层,2009年建,润泽庄园,,-
朝阳,大西洋新城F区 ,159.07平米,西南 东,1580,99328,,精装,中楼层(共10层),2003年建,大西洋新城F区,,-
朝阳,翌景嘉园 ,534.11平米,东南 ,2020,37820,,简装,底层(共28层),2002年建,翌景嘉园,,-
朝阳,星河湾 ,266.27平米,东 ,2350,88257,,精装,中楼层(共12层),2006年建,星河湾,,-
朝阳,远洋万和公馆 ,211.35平米,南 ,2100,99362,房本满五年,精装,低楼层(共25层),2013年建,远洋万和公馆,,-
朝阳,珠江罗马嘉园西区 ,234.01平米,南 ,1300,55554,房本满五年,精装,顶层(共11层),2004年建,珠江罗马嘉园西区,,-
朝阳,和平街十一区 ,66.26平米,东,510,76970,房本满五年,精装,中楼层(共21层),1989年建,和平街十一区,,-
朝阳,华贸国际公寓 ,159.64平米,南 ,1299,81371,房本满五年,精装,中楼层(共23层),2005年建,华贸国际公寓,,-
朝阳,华远九都汇 ,229.6平米,南 ,1980,86237,房本满五年,精装,低楼层(共11层),2011年建,华远九都汇,,-
朝阳,八里庄北里小区 ,92平米,东 西 ,400,43479,房本满五年,简装,高楼层(共6层),1992年建,八里庄北里小区,,-
朝阳,西坝河东里 ,62.91平米,,400,63583,房本满五年,简装,低楼层(共18层),1988年建,西坝河东里,,-
朝阳,宝星国际二期 ,108.53平米,东南 西,685,63117,房本满五年,简装,中楼层(共18层),2006年建,宝星国际二期,,-
朝阳,奥林匹克花园一期 ,164.36平米,南 ,1010,61451,房本满五年,精装,中楼层(共8层),2003年建,奥林匹克花园一期,,-
朝阳,垡头西里二区 ,61.39平米,东 ,319,51963,房本满五年,简装,低楼层(共6层),1980年建,垡头西里二区,,-
朝阳,住欣家园 ,70.59平米,东 ,300,42499,房本满五年,简装,高楼层(共16层),2010年建,住欣家园,,-
朝阳,清境明湖 ,174.4平米,东 ,1090,62500,房本满五年,精装,中楼层(共10层),1997年建,清境明湖,,-
朝阳,沿海赛洛城四期 ,100.58平米,南 ,680,67608,房本满五年,精装,中楼层(共7层),2010年建,沿海赛洛城四期,,-
朝阳,翠成馨园A区 ,103.96平米,西,460,44248,房本满五年,精装,中楼层(共21层),2004年建,翠成馨园A区,,-
朝阳,凤凰城一期 ,183.13平米,南 ,1550,84640,房本满五年,其他,高楼层(共34层),2002年建,凤凰城一期,,-
朝阳,天居园 ,139.14平米,,830,59653,房本满五年,精装,中楼层(共32层),2008年建,天居园,,-
朝阳,珠江罗马嘉园西区 ,77.14平米,南 ,518,67151,房本满五年,精装,低楼层(共9层),2004年建,珠江罗马嘉园西区,,-
朝阳,国美第一城3号院 ,103.15平米,西,598,57974,房本满五年,精装,高楼层(共27层),2007年建,国美第一城3号院,,-
朝阳,管庄西里 ,72.92平米,南 ,348,47724,房本满五年,简装,高楼层(共6层),1997年建,管庄西里,,-
朝阳,百环花园 ,146.06平米,,780,53403,房本满五年,简装,中楼层(共28层),2001年建,百环花园,,-
朝阳,松榆东里 ,83.91平米,南 ,425,50650,房本满五年,精装,顶层(共6层),1991年建,松榆东里,,-
朝阳,松榆西里 ,84.35平米,南 ,410,48607,房本满五年,简装,高楼层(共6层),1994年建,松榆西里,,-
朝阳,远洋一方北润园 ,89.72平米,南 ,528,58850,房本满五年,精装,中楼层(共11层),2011年建,远洋一方北润园,,-
朝阳,亚运新新家园林澜园 ,259.04平米,南 ,2100,81069,房本满五年,精装,中楼层(共7层),2008年建,亚运新新家园林澜园,,-
朝阳,华纺易城 ,153.79平米,南 ,1249,81215,房本满五年,精装,顶层(共12层),2006年建,华纺易城,,-
朝阳,爱这城二期 ,150.29平米,南 ,1220,81177,,简装,中楼层(共14层),2008年建,爱这城二期,,-
朝阳,国美第一城2号院 ,132.54平米,南 ,758,57191,,精装,27层,2006年建,国美第一城2号院,,-
朝阳,朝阳新城二区 ,117.57平米,南 ,490,41678,,简装,顶层(共6层),2004年建,朝阳新城二区,,-
朝阳,甘露园南里 ,81.25平米,南 ,416,51200,,简装,高楼层(共6层),1990年建,甘露园南里,,-
朝阳,沿海赛洛城二期 ,112.42平米,南 ,749,66626,,精装,顶层(共4层),2007年建,沿海赛洛城二期,,-
